Cell_name,Labels,Paths,PathLength,Section_eucli_dist,AvgSecDiam,StdSecDiam,Num_Branchs,Connect_angle,Extremes
Pyr_p1_,L5PCtemplate[0].soma[0],"[0, 'L5PCtemplate[0].soma[0]']",23.169408798217773,0.0,13.471518345498081,0.0,9,,0
Pyr_p1_,L5PCtemplate[0].dend[0],"[[0, 1], ['L5PCtemplate[0].soma[0]', 'L5PCtemplate[0].dend[0]']]",47.37028626258267,18.2838576931348,1.1517806365808367,0.0,2,"[20.83175603479267, 72.64853392210213]",0
Pyr_p1_,L5PCtemplate[0].dend[1],"[[0, 1, 2], ['L5PCtemplate[0].soma[0]', 'L5PCtemplate[0].dend[0]', 'L5PCtemplate[0].dend[1]']]",62.55248249762516,29.735307614821842,0.8799999952316285,0.0,2,"[78.55220446024045, 54.097352797207805]",0
Pyr_p1_,L5PCtemplate[0].dend[2],"[[0, 1, 2, 3], ['L5PCtemplate[0].soma[0]', 'L5PCtemplate[0].dend[0]', 'L5PCtemplate[0].dend[1]', 'L5PCtemplate[0].dend[2]']]",214.2035346273742,138.1553487903675,0.5296904131235249,0.10017653064128064,0,,1
Pyr_p1_,L5PCtemplate[0].dend[3],"[[0, 1, 2, 4], ['L5PCtemplate[0].soma[0]', 'L5PCtemplate[0].dend[0]', 'L5PCtemplate[0].dend[1]', 'L5PCtemplate[0].dend[3]']]",70.00811640468079,36.44338775346861,0.8799999952316284,0.0,2,"[66.69051647016896, 54.0217452760838]",0
Pyr_p1_,L5PCtemplate[0].dend[4],"[[0, 1, 2, 4, 5], ['L5PCtemplate[0].soma[0]', 'L5PCtemplate[0].dend[0]', 'L5PCtemplate[0].dend[1]', 'L5PCtemplate[0].dend[3]', 'L5PCtemplate[0].dend[4]']]",162.58394252493792,100.89579059995657,0.5630196632941218,0.033960640033155354,0,,1
Pyr_p1_,L5PCtemplate[0].dend[5],"[[0, 1, 2, 4, 6], ['L5PCtemplate[0].soma[0]', 'L5PCtemplate[0].dend[0]', 'L5PCtemplate[0].dend[1]', 'L5PCtemplate[0].dend[3]', 'L5PCtemplate[0].dend[5]']]",263.15178652070756,183.5191076004827,0.43680338630663584,0.1368024334282553,0,,1
Pyr_p1_,L5PCtemplate[0].dend[6],"[[0, 1, 7], ['L5PCtemplate[0].soma[0]', 'L5PCtemplate[0].dend[0]', 'L5PCtemplate[0].dend[6]']]",180.66247129317543,125.53178581005388,0.43079503934908026,0.1117090136113223,0,,1
Pyr_p1_,L5PCtemplate[0].dend[7],"[[0, 8], ['L5PCtemplate[0].soma[0]', 'L5PCtemplate[0].dend[7]']]",50.30731652159827,26.438955184785456,1.184343485564353,0.0,2,"[48.175274017480156, 66.14759128343847]",0
Pyr_p1_,L5PCtemplate[0].dend[8],"[[0, 8, 9], ['L5PCtemplate[0].soma[0]', 'L5PCtemplate[0].dend[7]', 'L5PCtemplate[0].dend[8]']]",66.77038128861233,40.85906319887705,0.5799999833106995,0.0,2,"[39.65199251483866, 44.30924784616585]",0
Pyr_p1_,L5PCtemplate[0].dend[9],"[[0, 8, 9, 10], ['L5PCtemplate[0].soma[0]', 'L5PCtemplate[0].dend[7]', 'L5PCtemplate[0].dend[8]', 'L5PCtemplate[0].dend[9]']]",82.71755880567866,55.68615261552454,0.28999999165534973,0.0,0,,1
Pyr_p1_,L5PCtemplate[0].dend[10],"[[0, 8, 9, 11], ['L5PCtemplate[0].soma[0]', 'L5PCtemplate[0].dend[7]', 'L5PCtemplate[0].dend[8]', 'L5PCtemplate[0].dend[10]']]",137.1224097767418,94.78052946657749,0.34162164878693074,0.07300404762765557,0,,1
Pyr_p1_,L5PCtemplate[0].dend[11],"[[0, 8, 12], ['L5PCtemplate[0].soma[0]', 'L5PCtemplate[0].dend[7]', 'L5PCtemplate[0].dend[11]']]",58.38680808438111,28.704102665725568,0.8799999952316284,0.0,2,"[64.91600776795224, 24.016911826612983]",0
Pyr_p1_,L5PCtemplate[0].dend[12],"[[0, 8, 12, 13], ['L5PCtemplate[0].soma[0]', 'L5PCtemplate[0].dend[7]', 'L5PCtemplate[0].dend[11]', 'L5PCtemplate[0].dend[12]']]",86.29006383733675,51.93712280926956,0.8799999952316286,0.0,2,"[16.911021878792564, 25.72107207242165]",0
Pyr_p1_,L5PCtemplate[0].dend[13],"[[0, 8, 12, 13, 14], ['L5PCtemplate[0].soma[0]', 'L5PCtemplate[0].dend[7]', 'L5PCtemplate[0].dend[11]', 'L5PCtemplate[0].dend[12]', 'L5PCtemplate[0].dend[13]']]",233.7497706829858,170.82196292573164,0.30690080242990436,0.0413983626369909,0,,1
Pyr_p1_,L5PCtemplate[0].dend[14],"[[0, 8, 12, 13, 15], ['L5PCtemplate[0].soma[0]', 'L5PCtemplate[0].dend[7]', 'L5PCtemplate[0].dend[11]', 'L5PCtemplate[0].dend[12]', 'L5PCtemplate[0].dend[14]']]",218.22785349790763,139.44224752117194,0.49614347410097254,0.12922730305385907,0,,1
Pyr_p1_,L5PCtemplate[0].dend[15],"[[0, 8, 12, 16], ['L5PCtemplate[0].soma[0]', 'L5PCtemplate[0].dend[7]', 'L5PCtemplate[0].dend[11]', 'L5PCtemplate[0].dend[15]']]",102.73902522066562,65.1863407204873,0.4332431794271799,0.11841806707216311,0,,1
Pyr_p1_,L5PCtemplate[0].dend[16],"[[0, 17], ['L5PCtemplate[0].soma[0]', 'L5PCtemplate[0].dend[16]']]",34.01556568145232,11.01981286965974,1.4600000381469729,0.0,2,"[12.329424186237327, 23.691429693733657]",0
Pyr_p1_,L5PCtemplate[0].dend[17],"[[0, 17, 18], ['L5PCtemplate[0].soma[0]', 'L5PCtemplate[0].dend[16]', 'L5PCtemplate[0].dend[17]']]",41.11394673156674,16.883422485697075,1.1699999570846558,0.0,2,"[31.48465284017854, 57.73093626024938]",0
Pyr_p1_,L5PCtemplate[0].dend[18],"[[0, 17, 18, 19], ['L5PCtemplate[0].soma[0]', 'L5PCtemplate[0].dend[16]', 'L5PCtemplate[0].dend[17]', 'L5PCtemplate[0].dend[18]']]",81.02498527883887,45.4255572340519,0.9593684073476552,0.0,2,"[92.20355168594203, 89.71191340051728]",0
Pyr_p1_,L5PCtemplate[0].dend[19],"[[0, 17, 18, 19, 20], ['L5PCtemplate[0].soma[0]', 'L5PCtemplate[0].dend[16]', 'L5PCtemplate[0].dend[17]', 'L5PCtemplate[0].dend[18]', 'L5PCtemplate[0].dend[19]']]",110.31471258330907,58.852798143912054,0.5799999833106995,0.0,0,,1
Pyr_p1_,L5PCtemplate[0].dend[20],"[[0, 17, 18, 19, 21], ['L5PCtemplate[0].soma[0]', 'L5PCtemplate[0].dend[16]', 'L5PCtemplate[0].dend[17]', 'L5PCtemplate[0].dend[18]', 'L5PCtemplate[0].dend[20]']]",82.77063557470221,45.80364793756908,0.5799999833106995,0.0,2,"[52.989427196150345, 32.80565275098624]",0
Pyr_p1_,L5PCtemplate[0].dend[21],"[[0, 17, 18, 19, 21, 22], ['L5PCtemplate[0].soma[0]', 'L5PCtemplate[0].dend[16]', 'L5PCtemplate[0].dend[17]', 'L5PCtemplate[0].dend[18]', 'L5PCtemplate[0].dend[20]', 'L5PCtemplate[0].dend[21]']]",107.03385392411631,63.225552162592884,0.32350701437650475,0.0,0,,1
Pyr_p1_,L5PCtemplate[0].dend[22],"[[0, 17, 18, 19, 21, 23], ['L5PCtemplate[0].soma[0]', 'L5PCtemplate[0].dend[16]', 'L5PCtemplate[0].dend[17]', 'L5PCtemplate[0].dend[18]', 'L5PCtemplate[0].dend[20]', 'L5PCtemplate[0].dend[22]']]",127.77467266590479,71.55444136706514,0.31864320302545707,0.04050761798952506,2,"[73.88983891651017, 96.16637625799014]",0
Pyr_p1_,L5PCtemplate[0].dend[23],"[[0, 17, 18, 19, 21, 23, 24], ['L5PCtemplate[0].soma[0]', 'L5PCtemplate[0].dend[16]', 'L5PCtemplate[0].dend[17]', 'L5PCtemplate[0].dend[18]', 'L5PCtemplate[0].dend[20]', 'L5PCtemplate[0].dend[22]', 'L5PCtemplate[0].dend[23]']]",132.60603598445084,73.24582557280675,0.28999999165534973,0.0,0,,1
Pyr_p1_,L5PCtemplate[0].dend[24],"[[0, 17, 18, 19, 21, 23, 25], ['L5PCtemplate[0].soma[0]', 'L5PCtemplate[0].dend[16]', 'L5PCtemplate[0].dend[17]', 'L5PCtemplate[0].dend[18]', 'L5PCtemplate[0].dend[20]', 'L5PCtemplate[0].dend[22]', 'L5PCtemplate[0].dend[24]']]",142.13004045726018,69.64732645742752,0.2899999916553498,0.0,0,,1
Pyr_p1_,L5PCtemplate[0].dend[25],"[[0, 17, 18, 26], ['L5PCtemplate[0].soma[0]', 'L5PCtemplate[0].dend[16]', 'L5PCtemplate[0].dend[17]', 'L5PCtemplate[0].dend[25]']]",69.16472728383398,39.37473463361644,1.1699999570846558,0.0,2,"[40.93599633197347, 43.50095803415484]",0
Pyr_p1_,L5PCtemplate[0].dend[26],"[[0, 17, 18, 26, 27], ['L5PCtemplate[0].soma[0]', 'L5PCtemplate[0].dend[16]', 'L5PCtemplate[0].dend[17]', 'L5PCtemplate[0].dend[25]', 'L5PCtemplate[0].dend[26]']]",101.57440316544705,58.93200331834543,0.8799999952316283,0.0,2,"[67.40927545731691, 23.58734080954973]",0
Pyr_p1_,L5PCtemplate[0].dend[27],"[[0, 17, 18, 26, 27, 28], ['L5PCtemplate[0].soma[0]', 'L5PCtemplate[0].dend[16]', 'L5PCtemplate[0].dend[17]', 'L5PCtemplate[0].dend[25]', 'L5PCtemplate[0].dend[26]', 'L5PCtemplate[0].dend[27]']]",170.1865250919259,100.9235033354707,0.6247719057963774,0.07155451035857405,0,,1
Pyr_p1_,L5PCtemplate[0].dend[28],"[[0, 17, 18, 26, 27, 29], ['L5PCtemplate[0].soma[0]', 'L5PCtemplate[0].dend[16]', 'L5PCtemplate[0].dend[17]', 'L5PCtemplate[0].dend[25]', 'L5PCtemplate[0].dend[26]', 'L5PCtemplate[0].dend[28]']]",276.8262528456187,184.06031379825072,0.5897231119876742,0.24277788645753925,0,,1
Pyr_p1_,L5PCtemplate[0].dend[29],"[[0, 17, 18, 26, 30], ['L5PCtemplate[0].soma[0]', 'L5PCtemplate[0].dend[16]', 'L5PCtemplate[0].dend[17]', 'L5PCtemplate[0].dend[25]', 'L5PCtemplate[0].dend[29]']]",91.89969770286572,55.0198373215338,0.8799999952316285,0.0,2,"[63.89701050621208, 121.37474085950876]",0
Pyr_p1_,L5PCtemplate[0].dend[30],"[[0, 17, 18, 26, 30, 31], ['L5PCtemplate[0].soma[0]', 'L5PCtemplate[0].dend[16]', 'L5PCtemplate[0].dend[17]', 'L5PCtemplate[0].dend[25]', 'L5PCtemplate[0].dend[29]', 'L5PCtemplate[0].dend[30]']]",116.04220650181539,70.49351046888566,0.5981596857770153,0.0,2,"[90.0, 63.225509584399205]",0
Pyr_p1_,L5PCtemplate[0].dend[31],"[[0, 17, 18, 26, 30, 31, 32], ['L5PCtemplate[0].soma[0]', 'L5PCtemplate[0].dend[16]', 'L5PCtemplate[0].dend[17]', 'L5PCtemplate[0].dend[25]', 'L5PCtemplate[0].dend[29]', 'L5PCtemplate[0].dend[30]', 'L5PCtemplate[0].dend[31]']]",209.4124783578496,125.59353864005818,0.28999999165534973,9.288792252416251e-17,0,,1
Pyr_p1_,L5PCtemplate[0].dend[32],"[[0, 17, 18, 26, 30, 31, 33], ['L5PCtemplate[0].soma[0]', 'L5PCtemplate[0].dend[16]', 'L5PCtemplate[0].dend[17]', 'L5PCtemplate[0].dend[25]', 'L5PCtemplate[0].dend[29]', 'L5PCtemplate[0].dend[30]', 'L5PCtemplate[0].dend[32]']]",213.0083414514611,150.45576801988534,0.5714610356692962,0.24460154623014602,0,,1
Pyr_p1_,L5PCtemplate[0].dend[33],"[[0, 17, 18, 26, 30, 34], ['L5PCtemplate[0].soma[0]', 'L5PCtemplate[0].dend[16]', 'L5PCtemplate[0].dend[17]', 'L5PCtemplate[0].dend[25]', 'L5PCtemplate[0].dend[29]', 'L5PCtemplate[0].dend[33]']]",172.04713332595617,117.41894112413463,0.5002206003177768,0.1132561568416211,0,,1
Pyr_p1_,L5PCtemplate[0].dend[34],"[[0, 17, 35], ['L5PCtemplate[0].soma[0]', 'L5PCtemplate[0].dend[16]', 'L5PCtemplate[0].dend[34]']]",52.20208384677607,20.47165378788718,0.8799999952316285,0.0,2,"[48.00560470903035, 34.10008158158485]",0
Pyr_p1_,L5PCtemplate[0].dend[35],"[[0, 17, 35, 36], ['L5PCtemplate[0].soma[0]', 'L5PCtemplate[0].dend[16]', 'L5PCtemplate[0].dend[34]', 'L5PCtemplate[0].dend[35]']]",212.1214866411181,157.6889771303972,0.46840029159449886,0.13174603834038442,0,,1
Pyr_p1_,L5PCtemplate[0].dend[36],"[[0, 17, 35, 37], ['L5PCtemplate[0].soma[0]', 'L5PCtemplate[0].dend[16]', 'L5PCtemplate[0].dend[34]', 'L5PCtemplate[0].dend[36]']]",103.19731910187113,59.38353476148139,0.5799999833106995,6.409875621278546e-17,2,"[75.42223851481421, 30.605149150726124]",0
Pyr_p1_,L5PCtemplate[0].dend[37],"[[0, 17, 35, 37, 38], ['L5PCtemplate[0].soma[0]', 'L5PCtemplate[0].dend[16]', 'L5PCtemplate[0].dend[34]', 'L5PCtemplate[0].dend[36]', 'L5PCtemplate[0].dend[37]']]",182.97158071133677,117.93791263647164,0.28999999165534973,4.5324665183683945e-17,0,,1
Pyr_p1_,L5PCtemplate[0].dend[38],"[[0, 17, 35, 37, 39], ['L5PCtemplate[0].soma[0]', 'L5PCtemplate[0].dend[16]', 'L5PCtemplate[0].dend[34]', 'L5PCtemplate[0].dend[36]', 'L5PCtemplate[0].dend[38]']]",170.16488643448366,120.08105595022177,0.4588909991399919,0.12311875054598242,0,,1
Pyr_p1_,L5PCtemplate[0].dend[39],"[[0, 40], ['L5PCtemplate[0].soma[0]', 'L5PCtemplate[0].dend[39]']]",119.29961557066648,80.86639642311168,0.8799999952316284,3.7155169009665004e-16,2,"[102.99325820455584, 69.86309050900243]",0
Pyr_p1_,L5PCtemplate[0].dend[40],"[[0, 40, 41], ['L5PCtemplate[0].soma[0]', 'L5PCtemplate[0].dend[39]', 'L5PCtemplate[0].dend[40]']]",211.79623010835107,139.71061293529155,0.8298637136158611,0.1002725632315342,0,,1
Pyr_p1_,L5PCtemplate[0].dend[41],"[[0, 40, 42], ['L5PCtemplate[0].soma[0]', 'L5PCtemplate[0].dend[39]', 'L5PCtemplate[0].dend[41]']]",157.25761304385122,98.28180311150804,0.5534739629241688,0.0,0,,1
Pyr_p1_,L5PCtemplate[0].dend[42],"[[0, 43], ['L5PCtemplate[0].soma[0]', 'L5PCtemplate[0].dend[42]']]",38.269208852569434,34.328178727696,1.5912296237658057,0.0,2,"[86.22577292593202, 71.00282885175606]",0
Pyr_p1_,L5PCtemplate[0].dend[43],"[[0, 43, 44], ['L5PCtemplate[0].soma[0]', 'L5PCtemplate[0].dend[42]', 'L5PCtemplate[0].dend[43]']]",63.37397520237862,47.40255977653837,1.1396471450571304,0.0,2,"[32.2380720419457, 75.55721959695454]",0
Pyr_p1_,L5PCtemplate[0].dend[44],"[[0, 43, 44, 45], ['L5PCtemplate[0].soma[0]', 'L5PCtemplate[0].dend[42]', 'L5PCtemplate[0].dend[43]', 'L5PCtemplate[0].dend[44]']]",149.10183957647882,112.19242465090029,0.3784141846683437,0.11673922090125285,0,,1
Pyr_p1_,L5PCtemplate[0].dend[45],"[[0, 43, 44, 46], ['L5PCtemplate[0].soma[0]', 'L5PCtemplate[0].dend[42]', 'L5PCtemplate[0].dend[43]', 'L5PCtemplate[0].dend[45]']]",210.49118734482954,163.04666882815212,0.5657455281283663,0.26323447991070087,0,,1
Pyr_p1_,L5PCtemplate[0].dend[46],"[[0, 43, 47], ['L5PCtemplate[0].soma[0]', 'L5PCtemplate[0].dend[42]', 'L5PCtemplate[0].dend[46]']]",48.12262205655753,40.94626999645938,1.1699999570846555,0.0,2,"[52.92825713769945, 48.64644953060563]",0
Pyr_p1_,L5PCtemplate[0].dend[47],"[[0, 43, 47, 48], ['L5PCtemplate[0].soma[0]', 'L5PCtemplate[0].dend[42]', 'L5PCtemplate[0].dend[46]', 'L5PCtemplate[0].dend[47]']]",56.069289049370184,45.20703654784336,0.8799999952316284,0.0,2,"[45.098883424440885, 123.07256605290395]",0
Pyr_p1_,L5PCtemplate[0].dend[48],"[[0, 43, 47, 48, 49], ['L5PCtemplate[0].soma[0]', 'L5PCtemplate[0].dend[42]', 'L5PCtemplate[0].dend[46]', 'L5PCtemplate[0].dend[47]', 'L5PCtemplate[0].dend[48]']]",107.8695459165608,82.98836506555187,0.34455044272791263,0.0771459877403884,2,"[41.88864486416057, 95.3020926463433]",0
Pyr_p1_,L5PCtemplate[0].dend[49],"[[0, 43, 47, 48, 49, 50], ['L5PCtemplate[0].soma[0]', 'L5PCtemplate[0].dend[42]', 'L5PCtemplate[0].dend[46]', 'L5PCtemplate[0].dend[47]', 'L5PCtemplate[0].dend[48]', 'L5PCtemplate[0].dend[49]']]",125.2934243095978,91.96978527242885,0.2899999916553497,0.0,0,,1
Pyr_p1_,L5PCtemplate[0].dend[50],"[[0, 43, 47, 48, 49, 51], ['L5PCtemplate[0].soma[0]', 'L5PCtemplate[0].dend[42]', 'L5PCtemplate[0].dend[46]', 'L5PCtemplate[0].dend[47]', 'L5PCtemplate[0].dend[48]', 'L5PCtemplate[0].dend[50]']]",116.25549818822897,84.12580851823084,0.28999999165534973,0.0,0,,1
Pyr_p1_,L5PCtemplate[0].dend[51],"[[0, 43, 47, 48, 52], ['L5PCtemplate[0].soma[0]', 'L5PCtemplate[0].dend[42]', 'L5PCtemplate[0].dend[46]', 'L5PCtemplate[0].dend[47]', 'L5PCtemplate[0].dend[51]']]",115.72340737268928,71.43077410695874,0.28999999165534973,3.204937810639273e-17,0,,1
Pyr_p1_,L5PCtemplate[0].dend[52],"[[0, 43, 47, 53], ['L5PCtemplate[0].soma[0]', 'L5PCtemplate[0].dend[42]', 'L5PCtemplate[0].dend[46]', 'L5PCtemplate[0].dend[52]']]",51.57076256776779,43.259785899362456,1.1699999570846558,0.0,2,"[31.068876245285267, 40.348805346963864]",0
Pyr_p1_,L5PCtemplate[0].dend[53],"[[0, 43, 47, 53, 54], ['L5PCtemplate[0].soma[0]', 'L5PCtemplate[0].dend[42]', 'L5PCtemplate[0].dend[46]', 'L5PCtemplate[0].dend[52]', 'L5PCtemplate[0].dend[53]']]",72.58731438465071,49.28221109894289,1.1699999570846558,0.0,2,"[17.155390370823007, 75.73549793849097]",0
Pyr_p1_,L5PCtemplate[0].dend[54],"[[0, 43, 47, 53, 54, 55], ['L5PCtemplate[0].soma[0]', 'L5PCtemplate[0].dend[42]', 'L5PCtemplate[0].dend[46]', 'L5PCtemplate[0].dend[52]', 'L5PCtemplate[0].dend[53]', 'L5PCtemplate[0].dend[54]']]",179.48401025965833,122.83604073375214,0.4917202248967625,0.10908555079877955,0,,1
Pyr_p1_,L5PCtemplate[0].dend[55],"[[0, 43, 47, 53, 54, 56], ['L5PCtemplate[0].soma[0]', 'L5PCtemplate[0].dend[42]', 'L5PCtemplate[0].dend[46]', 'L5PCtemplate[0].dend[52]', 'L5PCtemplate[0].dend[53]', 'L5PCtemplate[0].dend[55]']]",75.70093479852221,50.05243559573102,0.8799999952316284,0.0,2,"[69.14303256503672, 57.67315315524846]",0
Pyr_p1_,L5PCtemplate[0].dend[56],"[[0, 43, 47, 53, 54, 56, 57], ['L5PCtemplate[0].soma[0]', 'L5PCtemplate[0].dend[42]', 'L5PCtemplate[0].dend[46]', 'L5PCtemplate[0].dend[52]', 'L5PCtemplate[0].dend[53]', 'L5PCtemplate[0].dend[55]', 'L5PCtemplate[0].dend[56]']]",129.92407205327942,86.67388707822083,0.2899999916553498,0.0,0,,1
Pyr_p1_,L5PCtemplate[0].dend[57],"[[0, 43, 47, 53, 54, 56, 58], ['L5PCtemplate[0].soma[0]', 'L5PCtemplate[0].dend[42]', 'L5PCtemplate[0].dend[46]', 'L5PCtemplate[0].dend[52]', 'L5PCtemplate[0].dend[53]', 'L5PCtemplate[0].dend[55]', 'L5PCtemplate[0].dend[57]']]",92.5839442864791,60.63530047546969,1.0492435963502864,0.0,2,"[62.658861246676885, 34.5710275638232]",0
Pyr_p1_,L5PCtemplate[0].dend[58],"[[0, 43, 47, 53, 54, 56, 58, 59], ['L5PCtemplate[0].soma[0]', 'L5PCtemplate[0].dend[42]', 'L5PCtemplate[0].dend[46]', 'L5PCtemplate[0].dend[52]', 'L5PCtemplate[0].dend[53]', 'L5PCtemplate[0].dend[55]', 'L5PCtemplate[0].dend[57]', 'L5PCtemplate[0].dend[58]']]",217.46103827899418,152.18270753896545,0.5799999833106996,3.277374930137962e-16,0,,1
Pyr_p1_,L5PCtemplate[0].dend[59],"[[0, 43, 47, 53, 54, 56, 58, 60], ['L5PCtemplate[0].soma[0]', 'L5PCtemplate[0].dend[42]', 'L5PCtemplate[0].dend[46]', 'L5PCtemplate[0].dend[52]', 'L5PCtemplate[0].dend[53]', 'L5PCtemplate[0].dend[55]', 'L5PCtemplate[0].dend[57]', 'L5PCtemplate[0].dend[59]']]",246.05749549073624,163.51879207540227,0.7989784232929624,0.1866045587837428,0,,1
Pyr_p1_,L5PCtemplate[0].dend[60],"[[0, 43, 47, 53, 61], ['L5PCtemplate[0].soma[0]', 'L5PCtemplate[0].dend[42]', 'L5PCtemplate[0].dend[46]', 'L5PCtemplate[0].dend[52]', 'L5PCtemplate[0].dend[60]']]",132.86725819826916,106.79486449117626,0.8799999952316284,1.5700924586837752e-16,2,"[82.61563283582164, 22.526647621393675]",0
Pyr_p1_,L5PCtemplate[0].dend[61],"[[0, 43, 47, 53, 61, 62], ['L5PCtemplate[0].soma[0]', 'L5PCtemplate[0].dend[42]', 'L5PCtemplate[0].dend[46]', 'L5PCtemplate[0].dend[52]', 'L5PCtemplate[0].dend[60]', 'L5PCtemplate[0].dend[61]']]",221.64039112456354,171.4228181814054,0.5799999833106995,4.965068306494546e-17,0,,1
Pyr_p1_,L5PCtemplate[0].dend[62],"[[0, 43, 47, 53, 61, 63], ['L5PCtemplate[0].soma[0]', 'L5PCtemplate[0].dend[42]', 'L5PCtemplate[0].dend[46]', 'L5PCtemplate[0].dend[52]', 'L5PCtemplate[0].dend[60]', 'L5PCtemplate[0].dend[62]']]",235.4629248019695,185.44928612624224,0.4160644293127783,0.15895424709416495,0,,1
Pyr_p1_,L5PCtemplate[0].dend[63],"[[0, 64], ['L5PCtemplate[0].soma[0]', 'L5PCtemplate[0].dend[63]']]",43.99587478806225,35.75648248813525,1.8437665520550515,0.0,2,"[118.90656019635728, 36.587503397772444]",0
Pyr_p1_,L5PCtemplate[0].dend[64],"[[0, 64, 65], ['L5PCtemplate[0].soma[0]', 'L5PCtemplate[0].dend[63]', 'L5PCtemplate[0].dend[64]']]",66.76037102675394,44.05136399161577,0.8799999952316284,0.0,2,"[78.3709920698559, 21.505966796705106]",0
Pyr_p1_,L5PCtemplate[0].dend[65],"[[0, 64, 65, 66], ['L5PCtemplate[0].soma[0]', 'L5PCtemplate[0].dend[63]', 'L5PCtemplate[0].dend[64]', 'L5PCtemplate[0].dend[65]']]",92.43057401318187,55.91543621381111,0.5799999833106995,0.0,2,"[26.24236803079081, 40.80189829651849]",0
Pyr_p1_,L5PCtemplate[0].dend[66],"[[0, 64, 65, 66, 67], ['L5PCtemplate[0].soma[0]', 'L5PCtemplate[0].dend[63]', 'L5PCtemplate[0].dend[64]', 'L5PCtemplate[0].dend[65]', 'L5PCtemplate[0].dend[66]']]",230.15635706436484,142.60363420035543,0.509950862488325,0.11005703987920615,0,,1
Pyr_p1_,L5PCtemplate[0].dend[67],"[[0, 64, 65, 66, 68], ['L5PCtemplate[0].soma[0]', 'L5PCtemplate[0].dend[63]', 'L5PCtemplate[0].dend[64]', 'L5PCtemplate[0].dend[65]', 'L5PCtemplate[0].dend[67]']]",199.60382262355802,121.52510677633929,0.556732600130314,0.04653476636077062,0,,1
Pyr_p1_,L5PCtemplate[0].dend[68],"[[0, 64, 65, 69], ['L5PCtemplate[0].soma[0]', 'L5PCtemplate[0].dend[63]', 'L5PCtemplate[0].dend[64]', 'L5PCtemplate[0].dend[68]']]",126.61415979193089,96.89496391809392,0.5799999833106994,6.409875621278546e-17,2,"[11.521321034893367, 80.44055179483485]",0
Pyr_p1_,L5PCtemplate[0].dend[69],"[[0, 64, 65, 69, 70], ['L5PCtemplate[0].soma[0]', 'L5PCtemplate[0].dend[63]', 'L5PCtemplate[0].dend[64]', 'L5PCtemplate[0].dend[68]', 'L5PCtemplate[0].dend[69]']]",229.88639776682072,175.6450099068681,0.2899999916553497,2.482534153247273e-17,0,,1
Pyr_p1_,L5PCtemplate[0].dend[70],"[[0, 64, 65, 69, 71], ['L5PCtemplate[0].soma[0]', 'L5PCtemplate[0].dend[63]', 'L5PCtemplate[0].dend[64]', 'L5PCtemplate[0].dend[68]', 'L5PCtemplate[0].dend[70]']]",305.29551857941976,245.76508564434712,0.5842493179265819,0.2708853159492853,0,,1
Pyr_p1_,L5PCtemplate[0].dend[71],"[[0, 64, 72], ['L5PCtemplate[0].soma[0]', 'L5PCtemplate[0].dend[63]', 'L5PCtemplate[0].dend[71]']]",66.03674549664987,49.96016493479484,0.8799999952316285,0.0,2,"[54.82471980599856, 41.464866905663655]",0
Pyr_p1_,L5PCtemplate[0].dend[72],"[[0, 64, 72, 73], ['L5PCtemplate[0].soma[0]', 'L5PCtemplate[0].dend[63]', 'L5PCtemplate[0].dend[71]', 'L5PCtemplate[0].dend[72]']]",265.808638955338,195.84629970889117,0.37326846347681186,0.12224706991339597,0,,1
Pyr_p1_,L5PCtemplate[0].dend[73],"[[0, 64, 72, 74], ['L5PCtemplate[0].soma[0]', 'L5PCtemplate[0].dend[63]', 'L5PCtemplate[0].dend[71]', 'L5PCtemplate[0].dend[73]']]",79.40521628423163,61.916400125797274,0.8799999952316284,0.0,2,"[76.1030869861568, 47.43841018146865]",0
Pyr_p1_,L5PCtemplate[0].dend[74],"[[0, 64, 72, 74, 75], ['L5PCtemplate[0].soma[0]', 'L5PCtemplate[0].dend[63]', 'L5PCtemplate[0].dend[71]', 'L5PCtemplate[0].dend[73]', 'L5PCtemplate[0].dend[74]']]",189.9019244860072,156.6875969566255,0.4222448399268418,0.1321770562115096,0,,1
Pyr_p1_,L5PCtemplate[0].dend[75],"[[0, 64, 72, 74, 76], ['L5PCtemplate[0].soma[0]', 'L5PCtemplate[0].dend[63]', 'L5PCtemplate[0].dend[71]', 'L5PCtemplate[0].dend[73]', 'L5PCtemplate[0].dend[75]']]",104.40635638054749,78.21347403234066,0.5799999833106995,0.0,2,"[30.386355189957452, 39.94810060827088]",0
Pyr_p1_,L5PCtemplate[0].dend[76],"[[0, 64, 72, 74, 76, 77], ['L5PCtemplate[0].soma[0]', 'L5PCtemplate[0].dend[63]', 'L5PCtemplate[0].dend[71]', 'L5PCtemplate[0].dend[73]', 'L5PCtemplate[0].dend[75]', 'L5PCtemplate[0].dend[76]']]",168.02686162221679,134.01542919095203,0.28999999165534973,0.0,0,,1
Pyr_p1_,L5PCtemplate[0].dend[77],"[[0, 64, 72, 74, 76, 78], ['L5PCtemplate[0].soma[0]', 'L5PCtemplate[0].dend[63]', 'L5PCtemplate[0].dend[71]', 'L5PCtemplate[0].dend[73]', 'L5PCtemplate[0].dend[75]', 'L5PCtemplate[0].dend[77]']]",152.6602251709624,115.51116707971563,0.32591640113247977,0.05079347339430297,0,,1
Pyr_p1_,L5PCtemplate[0].dend[78],"[[0, 79], ['L5PCtemplate[0].soma[0]', 'L5PCtemplate[0].dend[78]']]",63.43744121403291,59.682628205645784,0.9204298791762905,0.05717649019971108,0,,1
Pyr_p1_,L5PCtemplate[0].dend[79],"[[0, 80], ['L5PCtemplate[0].soma[0]', 'L5PCtemplate[0].dend[79]']]",38.94463303643082,36.3460659086488,1.148291365009682,0.0,2,"[74.98730386148597, 28.891079912350975]",0
Pyr_p1_,L5PCtemplate[0].dend[80],"[[0, 80, 81], ['L5PCtemplate[0].soma[0]', 'L5PCtemplate[0].dend[79]', 'L5PCtemplate[0].dend[80]']]",105.54343654663694,97.96852055624586,0.3214834495293049,0.04452433311574934,0,,1
Pyr_p1_,L5PCtemplate[0].dend[81],"[[0, 80, 82], ['L5PCtemplate[0].soma[0]', 'L5PCtemplate[0].dend[79]', 'L5PCtemplate[0].dend[81]']]",65.16044616044935,58.06866575670394,0.9634877963310026,0.0,2,"[69.00487227002915, 80.02216873649125]",0
Pyr_p1_,L5PCtemplate[0].dend[82],"[[0, 80, 82, 83], ['L5PCtemplate[0].soma[0]', 'L5PCtemplate[0].dend[79]', 'L5PCtemplate[0].dend[81]', 'L5PCtemplate[0].dend[82]']]",200.71167214139626,148.63955088227144,0.2899999916553497,1.638687465068981e-16,0,,1
Pyr_p1_,L5PCtemplate[0].dend[83],"[[0, 80, 82, 84], ['L5PCtemplate[0].soma[0]', 'L5PCtemplate[0].dend[79]', 'L5PCtemplate[0].dend[81]', 'L5PCtemplate[0].dend[83]']]",82.4186890620888,71.8914499945551,0.8799999952316285,0.0,0,,1
Pyr_p1_,L5PCtemplate[0].apic[0],"[[0, 85], ['L5PCtemplate[0].soma[0]', 'L5PCtemplate[0].apic[0]']]",69.3050184010028,55.43393891962079,4.980706720675506,1.5827930167081237,2,"[75.75382326912317, 55.91831228264714]",0
Pyr_p1_,L5PCtemplate[0].apic[1],"[[0, 85, 86], ['L5PCtemplate[0].soma[0]', 'L5PCtemplate[0].apic[0]', 'L5PCtemplate[0].apic[1]']]",134.4047142825401,112.01055883924049,3.1461409639774085,0.07939543404447441,2,"[8.088918619224865, 136.93617454265132]",0
Pyr_p1_,L5PCtemplate[0].apic[2],"[[0, 85, 86, 87], ['L5PCtemplate[0].soma[0]', 'L5PCtemplate[0].apic[0]', 'L5PCtemplate[0].apic[1]', 'L5PCtemplate[0].apic[2]']]",163.27625817007836,137.83369116977994,3.089999914169311,0.0,2,"[29.75355643900664, 49.69984513758464]",0
Pyr_p1_,L5PCtemplate[0].apic[3],"[[0, 85, 86, 87, 88], ['L5PCtemplate[0].soma[0]', 'L5PCtemplate[0].apic[0]', 'L5PCtemplate[0].apic[1]', 'L5PCtemplate[0].apic[2]', 'L5PCtemplate[0].apic[3]']]",204.56242060539552,176.74270572808805,3.089999914169311,5.127900497022837e-16,2,"[56.84836605583094, 29.232779214645042]",0
Pyr_p1_,L5PCtemplate[0].apic[4],"[[0, 85, 86, 87, 88, 89], ['L5PCtemplate[0].soma[0]', 'L5PCtemplate[0].apic[0]', 'L5PCtemplate[0].apic[1]', 'L5PCtemplate[0].apic[2]', 'L5PCtemplate[0].apic[3]', 'L5PCtemplate[0].apic[4]']]",211.99832878882697,184.06808094470944,3.089999914169311,0.0,2,"[70.86141305245756, 70.04360036563632]",0
Pyr_p1_,L5PCtemplate[0].apic[5],"[[0, 85, 86, 87, 88, 89, 90], ['L5PCtemplate[0].soma[0]', 'L5PCtemplate[0].apic[0]', 'L5PCtemplate[0].apic[1]', 'L5PCtemplate[0].apic[2]', 'L5PCtemplate[0].apic[3]', 'L5PCtemplate[0].apic[4]', 'L5PCtemplate[0].apic[5]']]",221.8759441887096,186.11360639293957,1.0983585829573161,0.0,2,"[47.50422632347342, 51.72165544350111]",0
Pyr_p1_,L5PCtemplate[0].apic[6],"[[0, 85, 86, 87, 88, 89, 90, 91], ['L5PCtemplate[0].soma[0]', 'L5PCtemplate[0].apic[0]', 'L5PCtemplate[0].apic[1]', 'L5PCtemplate[0].apic[2]', 'L5PCtemplate[0].apic[3]', 'L5PCtemplate[0].apic[4]', 'L5PCtemplate[0].apic[5]', 'L5PCtemplate[0].apic[6]']]",237.03117559328084,196.17231680214223,0.8799999952316284,0.0,2,"[54.78223035296901, 109.57942214403226]",0
Pyr_p1_,L5PCtemplate[0].apic[7],"[[0, 85, 86, 87, 88, 89, 90, 91, 92], ['L5PCtemplate[0].soma[0]', 'L5PCtemplate[0].apic[0]', 'L5PCtemplate[0].apic[1]', 'L5PCtemplate[0].apic[2]', 'L5PCtemplate[0].apic[3]', 'L5PCtemplate[0].apic[4]', 'L5PCtemplate[0].apic[5]', 'L5PCtemplate[0].apic[6]', 'L5PCtemplate[0].apic[7]']]",266.5567701407213,204.56120905418442,0.8799999952316283,0.0,2,"[81.16786685997941, 46.321733889407774]",0
Pyr_p1_,L5PCtemplate[0].apic[8],"[[0, 85, 86, 87, 88, 89, 90, 91, 92, 93], ['L5PCtemplate[0].soma[0]', 'L5PCtemplate[0].apic[0]', 'L5PCtemplate[0].apic[1]', 'L5PCtemplate[0].apic[2]', 'L5PCtemplate[0].apic[3]', 'L5PCtemplate[0].apic[4]', 'L5PCtemplate[0].apic[5]', 'L5PCtemplate[0].apic[6]', 'L5PCtemplate[0].apic[7]', 'L5PCtemplate[0].apic[8]']]",307.56713605350416,217.10629786521005,0.5525646208787276,0.05294158377665534,0,,1
Pyr_p1_,L5PCtemplate[0].apic[9],"[[0, 85, 86, 87, 88, 89, 90, 91, 92, 94], ['L5PCtemplate[0].soma[0]', 'L5PCtemplate[0].apic[0]', 'L5PCtemplate[0].apic[1]', 'L5PCtemplate[0].apic[2]', 'L5PCtemplate[0].apic[3]', 'L5PCtemplate[0].apic[4]', 'L5PCtemplate[0].apic[5]', 'L5PCtemplate[0].apic[6]', 'L5PCtemplate[0].apic[7]', 'L5PCtemplate[0].apic[9]']]",425.15478492923376,299.1076687709451,0.5899999737739563,1.829102360790622e-16,0,,1
Pyr_p1_,L5PCtemplate[0].apic[10],"[[0, 85, 86, 87, 88, 89, 90, 91, 95], ['L5PCtemplate[0].soma[0]', 'L5PCtemplate[0].apic[0]', 'L5PCtemplate[0].apic[1]', 'L5PCtemplate[0].apic[2]', 'L5PCtemplate[0].apic[3]', 'L5PCtemplate[0].apic[4]', 'L5PCtemplate[0].apic[5]', 'L5PCtemplate[0].apic[6]', 'L5PCtemplate[0].apic[10]']]",319.1752587084316,245.51713898598118,0.7779686534759039,0.1268991772354869,0,,1
Pyr_p1_,L5PCtemplate[0].apic[11],"[[0, 85, 86, 87, 88, 89, 90, 96], ['L5PCtemplate[0].soma[0]', 'L5PCtemplate[0].apic[0]', 'L5PCtemplate[0].apic[1]', 'L5PCtemplate[0].apic[2]', 'L5PCtemplate[0].apic[3]', 'L5PCtemplate[0].apic[4]', 'L5PCtemplate[0].apic[5]', 'L5PCtemplate[0].apic[11]']]",225.42312542141246,186.63010225808597,0.8799999952316284,0.0,2,"[51.92809083759408, 35.7031624575149]",0
Pyr_p1_,L5PCtemplate[0].apic[12],"[[0, 85, 86, 87, 88, 89, 90, 96, 97], ['L5PCtemplate[0].soma[0]', 'L5PCtemplate[0].apic[0]', 'L5PCtemplate[0].apic[1]', 'L5PCtemplate[0].apic[2]', 'L5PCtemplate[0].apic[3]', 'L5PCtemplate[0].apic[4]', 'L5PCtemplate[0].apic[5]', 'L5PCtemplate[0].apic[11]', 'L5PCtemplate[0].apic[12]']]",343.8040906846841,228.75042951894193,0.6659462138889275,0.11252780990777894,0,,1
Pyr_p1_,L5PCtemplate[0].apic[13],"[[0, 85, 86, 87, 88, 89, 90, 96, 98], ['L5PCtemplate[0].soma[0]', 'L5PCtemplate[0].apic[0]', 'L5PCtemplate[0].apic[1]', 'L5PCtemplate[0].apic[2]', 'L5PCtemplate[0].apic[3]', 'L5PCtemplate[0].apic[4]', 'L5PCtemplate[0].apic[5]', 'L5PCtemplate[0].apic[11]', 'L5PCtemplate[0].apic[13]']]",379.73551733153255,169.33000995544575,0.7286768461976371,0.13513446527983713,0,,1
Pyr_p1_,L5PCtemplate[0].apic[14],"[[0, 85, 86, 87, 88, 89, 99], ['L5PCtemplate[0].soma[0]', 'L5PCtemplate[0].apic[0]', 'L5PCtemplate[0].apic[1]', 'L5PCtemplate[0].apic[2]', 'L5PCtemplate[0].apic[3]', 'L5PCtemplate[0].apic[4]', 'L5PCtemplate[0].apic[14]']]",276.59893404053827,239.86593547867193,2.5787636068449853,0.012393706064424762,2,"[89.85966288665642, 14.97394710805252]",0
Pyr_p1_,L5PCtemplate[0].apic[15],"[[0, 85, 86, 87, 88, 89, 99, 100], ['L5PCtemplate[0].soma[0]', 'L5PCtemplate[0].apic[0]', 'L5PCtemplate[0].apic[1]', 'L5PCtemplate[0].apic[2]', 'L5PCtemplate[0].apic[3]', 'L5PCtemplate[0].apic[4]', 'L5PCtemplate[0].apic[14]', 'L5PCtemplate[0].apic[15]']]",292.55871371705166,241.1239078698745,1.3472486724650372,0.0,2,"[48.789538668119334, 26.79111227289699]",0
Pyr_p1_,L5PCtemplate[0].apic[16],"[[0, 85, 86, 87, 88, 89, 99, 100, 101], ['L5PCtemplate[0].soma[0]', 'L5PCtemplate[0].apic[0]', 'L5PCtemplate[0].apic[1]', 'L5PCtemplate[0].apic[2]', 'L5PCtemplate[0].apic[3]', 'L5PCtemplate[0].apic[4]', 'L5PCtemplate[0].apic[14]', 'L5PCtemplate[0].apic[15]', 'L5PCtemplate[0].apic[16]']]",306.9747989463639,242.06700110519972,0.8799999952316283,0.0,2,"[50.257771498987665, 17.12678054096448]",0
Pyr_p1_,L5PCtemplate[0].apic[17],"[[0, 85, 86, 87, 88, 89, 99, 100, 101, 102], ['L5PCtemplate[0].soma[0]', 'L5PCtemplate[0].apic[0]', 'L5PCtemplate[0].apic[1]', 'L5PCtemplate[0].apic[2]', 'L5PCtemplate[0].apic[3]', 'L5PCtemplate[0].apic[4]', 'L5PCtemplate[0].apic[14]', 'L5PCtemplate[0].apic[15]', 'L5PCtemplate[0].apic[16]', 'L5PCtemplate[0].apic[17]']]",482.7375458804378,168.3137909099881,0.49167489268973047,0.15194766681270788,0,,1
Pyr_p1_,L5PCtemplate[0].apic[18],"[[0, 85, 86, 87, 88, 89, 99, 100, 101, 103], ['L5PCtemplate[0].soma[0]', 'L5PCtemplate[0].apic[0]', 'L5PCtemplate[0].apic[1]', 'L5PCtemplate[0].apic[2]', 'L5PCtemplate[0].apic[3]', 'L5PCtemplate[0].apic[4]', 'L5PCtemplate[0].apic[14]', 'L5PCtemplate[0].apic[15]', 'L5PCtemplate[0].apic[16]', 'L5PCtemplate[0].apic[18]']]",416.8920843357725,302.3646520898046,0.4864374529903249,0.1679916060692326,0,,1
Pyr_p1_,L5PCtemplate[0].apic[19],"[[0, 85, 86, 87, 88, 89, 99, 100, 104], ['L5PCtemplate[0].soma[0]', 'L5PCtemplate[0].apic[0]', 'L5PCtemplate[0].apic[1]', 'L5PCtemplate[0].apic[2]', 'L5PCtemplate[0].apic[3]', 'L5PCtemplate[0].apic[4]', 'L5PCtemplate[0].apic[14]', 'L5PCtemplate[0].apic[15]', 'L5PCtemplate[0].apic[19]']]",458.5743049604885,282.11934824321304,0.6850348146534766,0.32464504242838216,0,,1
Pyr_p1_,L5PCtemplate[0].apic[20],"[[0, 85, 86, 87, 88, 89, 99, 105], ['L5PCtemplate[0].soma[0]', 'L5PCtemplate[0].apic[0]', 'L5PCtemplate[0].apic[1]', 'L5PCtemplate[0].apic[2]', 'L5PCtemplate[0].apic[3]', 'L5PCtemplate[0].apic[4]', 'L5PCtemplate[0].apic[14]', 'L5PCtemplate[0].apic[20]']]",322.5517095648124,282.17089564498434,2.5693963078875224,0.09579196751417984,2,"[122.53064097288214, 35.44335986981971]",0
Pyr_p1_,L5PCtemplate[0].apic[21],"[[0, 85, 86, 87, 88, 89, 99, 105, 106], ['L5PCtemplate[0].soma[0]', 'L5PCtemplate[0].apic[0]', 'L5PCtemplate[0].apic[1]', 'L5PCtemplate[0].apic[2]', 'L5PCtemplate[0].apic[3]', 'L5PCtemplate[0].apic[4]', 'L5PCtemplate[0].apic[14]', 'L5PCtemplate[0].apic[20]', 'L5PCtemplate[0].apic[21]']]",349.0927423802129,282.3663268703284,0.8799999952316284,0.0,2,"[38.549059875401596, 89.44455197470329]",0
Pyr_p1_,L5PCtemplate[0].apic[22],"[[0, 85, 86, 87, 88, 89, 99, 105, 106, 107], ['L5PCtemplate[0].soma[0]', 'L5PCtemplate[0].apic[0]', 'L5PCtemplate[0].apic[1]', 'L5PCtemplate[0].apic[2]', 'L5PCtemplate[0].apic[3]', 'L5PCtemplate[0].apic[4]', 'L5PCtemplate[0].apic[14]', 'L5PCtemplate[0].apic[20]', 'L5PCtemplate[0].apic[21]', 'L5PCtemplate[0].apic[22]']]",382.5965236672536,282.71298887370165,0.8799999952316285,0.0,2,"[57.02625481476668, 78.02599397223565]",0
Pyr_p1_,L5PCtemplate[0].apic[23],"[[0, 85, 86, 87, 88, 89, 99, 105, 106, 107, 108], ['L5PCtemplate[0].soma[0]', 'L5PCtemplate[0].apic[0]', 'L5PCtemplate[0].apic[1]', 'L5PCtemplate[0].apic[2]', 'L5PCtemplate[0].apic[3]', 'L5PCtemplate[0].apic[4]', 'L5PCtemplate[0].apic[14]', 'L5PCtemplate[0].apic[20]', 'L5PCtemplate[0].apic[21]', 'L5PCtemplate[0].apic[22]', 'L5PCtemplate[0].apic[23]']]",407.50061077274285,296.17908699184926,0.8799999952316285,0.0,0,,1
Pyr_p1_,L5PCtemplate[0].apic[24],"[[0, 85, 86, 87, 88, 89, 99, 105, 106, 107, 109], ['L5PCtemplate[0].soma[0]', 'L5PCtemplate[0].apic[0]', 'L5PCtemplate[0].apic[1]', 'L5PCtemplate[0].apic[2]', 'L5PCtemplate[0].apic[3]', 'L5PCtemplate[0].apic[4]', 'L5PCtemplate[0].apic[14]', 'L5PCtemplate[0].apic[20]', 'L5PCtemplate[0].apic[21]', 'L5PCtemplate[0].apic[22]', 'L5PCtemplate[0].apic[24]']]",407.63729592437596,280.0069076470071,0.8799999952316282,0.0,0,,1
Pyr_p1_,L5PCtemplate[0].apic[25],"[[0, 85, 86, 87, 88, 89, 99, 105, 106, 110], ['L5PCtemplate[0].soma[0]', 'L5PCtemplate[0].apic[0]', 'L5PCtemplate[0].apic[1]', 'L5PCtemplate[0].apic[2]', 'L5PCtemplate[0].apic[3]', 'L5PCtemplate[0].apic[4]', 'L5PCtemplate[0].apic[14]', 'L5PCtemplate[0].apic[20]', 'L5PCtemplate[0].apic[21]', 'L5PCtemplate[0].apic[25]']]",386.7505772239358,279.89367779679,0.8799999952316284,0.0,0,,1
Pyr_p1_,L5PCtemplate[0].apic[26],"[[0, 85, 86, 87, 88, 89, 99, 105, 111], ['L5PCtemplate[0].soma[0]', 'L5PCtemplate[0].apic[0]', 'L5PCtemplate[0].apic[1]', 'L5PCtemplate[0].apic[2]', 'L5PCtemplate[0].apic[3]', 'L5PCtemplate[0].apic[4]', 'L5PCtemplate[0].apic[14]', 'L5PCtemplate[0].apic[20]', 'L5PCtemplate[0].apic[26]']]",337.76349655273145,295.5129995691999,3.089999914169312,0.0,2,"[13.391076392506498, 20.748351724708666]",0
Pyr_p1_,L5PCtemplate[0].apic[27],"[[0, 85, 86, 87, 88, 89, 99, 105, 111, 112], ['L5PCtemplate[0].soma[0]', 'L5PCtemplate[0].apic[0]', 'L5PCtemplate[0].apic[1]', 'L5PCtemplate[0].apic[2]', 'L5PCtemplate[0].apic[3]', 'L5PCtemplate[0].apic[4]', 'L5PCtemplate[0].apic[14]', 'L5PCtemplate[0].apic[20]', 'L5PCtemplate[0].apic[26]', 'L5PCtemplate[0].apic[27]']]",339.8593229230326,297.5844951527409,0.5899999737739563,0.0,2,"[91.72476348206168, 87.43205141647178]",0
Pyr_p1_,L5PCtemplate[0].apic[28],"[[0, 85, 86, 87, 88, 89, 99, 105, 111, 112, 113], ['L5PCtemplate[0].soma[0]', 'L5PCtemplate[0].apic[0]', 'L5PCtemplate[0].apic[1]', 'L5PCtemplate[0].apic[2]', 'L5PCtemplate[0].apic[3]', 'L5PCtemplate[0].apic[4]', 'L5PCtemplate[0].apic[14]', 'L5PCtemplate[0].apic[20]', 'L5PCtemplate[0].apic[26]', 'L5PCtemplate[0].apic[27]', 'L5PCtemplate[0].apic[28]']]",358.863105241532,303.096905656038,0.5899999737739562,0.0,2,"[67.84654924841168, 40.5682010887796]",0
Pyr_p1_,L5PCtemplate[0].apic[29],"[[0, 85, 86, 87, 88, 89, 99, 105, 111, 112, 113, 114], ['L5PCtemplate[0].soma[0]', 'L5PCtemplate[0].apic[0]', 'L5PCtemplate[0].apic[1]', 'L5PCtemplate[0].apic[2]', 'L5PCtemplate[0].apic[3]', 'L5PCtemplate[0].apic[4]', 'L5PCtemplate[0].apic[14]', 'L5PCtemplate[0].apic[20]', 'L5PCtemplate[0].apic[26]', 'L5PCtemplate[0].apic[27]', 'L5PCtemplate[0].apic[28]', 'L5PCtemplate[0].apic[29]']]",437.6769667590951,281.15337713705213,0.5899999737739563,6.409875621278546e-17,0,,1
Pyr_p1_,L5PCtemplate[0].apic[30],"[[0, 85, 86, 87, 88, 89, 99, 105, 111, 112, 113, 115], ['L5PCtemplate[0].soma[0]', 'L5PCtemplate[0].apic[0]', 'L5PCtemplate[0].apic[1]', 'L5PCtemplate[0].apic[2]', 'L5PCtemplate[0].apic[3]', 'L5PCtemplate[0].apic[4]', 'L5PCtemplate[0].apic[14]', 'L5PCtemplate[0].apic[20]', 'L5PCtemplate[0].apic[26]', 'L5PCtemplate[0].apic[27]', 'L5PCtemplate[0].apic[28]', 'L5PCtemplate[0].apic[30]']]",433.8031702263358,344.87129834899144,0.5899999737739563,6.409875621278546e-17,2,"[96.26560615683923, 58.286222396456495]",0
Pyr_p1_,L5PCtemplate[0].apic[31],"[[0, 85, 86, 87, 88, 89, 99, 105, 111, 112, 113, 115, 116], ['L5PCtemplate[0].soma[0]', 'L5PCtemplate[0].apic[0]', 'L5PCtemplate[0].apic[1]', 'L5PCtemplate[0].apic[2]', 'L5PCtemplate[0].apic[3]', 'L5PCtemplate[0].apic[4]', 'L5PCtemplate[0].apic[14]', 'L5PCtemplate[0].apic[20]', 'L5PCtemplate[0].apic[26]', 'L5PCtemplate[0].apic[27]', 'L5PCtemplate[0].apic[28]', 'L5PCtemplate[0].apic[30]', 'L5PCtemplate[0].apic[31]']]",445.19531616596896,336.5318574766118,0.5899999737739562,0.0,0,,1
Pyr_p1_,L5PCtemplate[0].apic[32],"[[0, 85, 86, 87, 88, 89, 99, 105, 111, 112, 113, 115, 117], ['L5PCtemplate[0].soma[0]', 'L5PCtemplate[0].apic[0]', 'L5PCtemplate[0].apic[1]', 'L5PCtemplate[0].apic[2]', 'L5PCtemplate[0].apic[3]', 'L5PCtemplate[0].apic[4]', 'L5PCtemplate[0].apic[14]', 'L5PCtemplate[0].apic[20]', 'L5PCtemplate[0].apic[26]', 'L5PCtemplate[0].apic[27]', 'L5PCtemplate[0].apic[28]', 'L5PCtemplate[0].apic[30]', 'L5PCtemplate[0].apic[32]']]",440.82829800200926,349.2096296033553,0.5899999737739562,0.0,0,,1
Pyr_p1_,L5PCtemplate[0].apic[33],"[[0, 85, 86, 87, 88, 89, 99, 105, 111, 112, 118], ['L5PCtemplate[0].soma[0]', 'L5PCtemplate[0].apic[0]', 'L5PCtemplate[0].apic[1]', 'L5PCtemplate[0].apic[2]', 'L5PCtemplate[0].apic[3]', 'L5PCtemplate[0].apic[4]', 'L5PCtemplate[0].apic[14]', 'L5PCtemplate[0].apic[20]', 'L5PCtemplate[0].apic[26]', 'L5PCtemplate[0].apic[27]', 'L5PCtemplate[0].apic[33]']]",465.72086315889374,373.0516558703992,0.5899999737739563,1.829102360790622e-16,0,,1
Pyr_p1_,L5PCtemplate[0].apic[34],"[[0, 85, 86, 87, 88, 89, 99, 105, 111, 119], ['L5PCtemplate[0].soma[0]', 'L5PCtemplate[0].apic[0]', 'L5PCtemplate[0].apic[1]', 'L5PCtemplate[0].apic[2]', 'L5PCtemplate[0].apic[3]', 'L5PCtemplate[0].apic[4]', 'L5PCtemplate[0].apic[14]', 'L5PCtemplate[0].apic[20]', 'L5PCtemplate[0].apic[26]', 'L5PCtemplate[0].apic[34]']]",404.6918440640271,351.1614316375339,2.70663621942134,0.24845758849111518,2,"[112.13622506352718, 52.33284997436315]",0
Pyr_p1_,L5PCtemplate[0].apic[35],"[[0, 85, 86, 87, 88, 89, 99, 105, 111, 119, 120], ['L5PCtemplate[0].soma[0]', 'L5PCtemplate[0].apic[0]', 'L5PCtemplate[0].apic[1]', 'L5PCtemplate[0].apic[2]', 'L5PCtemplate[0].apic[3]', 'L5PCtemplate[0].apic[4]', 'L5PCtemplate[0].apic[14]', 'L5PCtemplate[0].apic[20]', 'L5PCtemplate[0].apic[26]', 'L5PCtemplate[0].apic[34]', 'L5PCtemplate[0].apic[35]']]",512.6378965011239,412.0274585373933,0.7167326469091944,0.11211352664099411,0,,1
Pyr_p1_,L5PCtemplate[0].apic[36],"[[0, 85, 86, 87, 88, 89, 99, 105, 111, 119, 121], ['L5PCtemplate[0].soma[0]', 'L5PCtemplate[0].apic[0]', 'L5PCtemplate[0].apic[1]', 'L5PCtemplate[0].apic[2]', 'L5PCtemplate[0].apic[3]', 'L5PCtemplate[0].apic[4]', 'L5PCtemplate[0].apic[14]', 'L5PCtemplate[0].apic[20]', 'L5PCtemplate[0].apic[26]', 'L5PCtemplate[0].apic[34]', 'L5PCtemplate[0].apic[36]']]",649.9569618100037,576.6145848585677,2.640394352949735,0.16383359600746705,2,"[43.93673382906216, 24.84144592684247]",0
Pyr_p1_,L5PCtemplate[0].apic[37],"[[0, 85, 86, 87, 88, 89, 99, 105, 111, 119, 121, 122], ['L5PCtemplate[0].soma[0]', 'L5PCtemplate[0].apic[0]', 'L5PCtemplate[0].apic[1]', 'L5PCtemplate[0].apic[2]', 'L5PCtemplate[0].apic[3]', 'L5PCtemplate[0].apic[4]', 'L5PCtemplate[0].apic[14]', 'L5PCtemplate[0].apic[20]', 'L5PCtemplate[0].apic[26]', 'L5PCtemplate[0].apic[34]', 'L5PCtemplate[0].apic[36]', 'L5PCtemplate[0].apic[37]']]",926.3318386947258,834.8644970079574,1.5319798842987922,0.2479607872466718,2,"[68.29919722545048, 65.77942869456231]",0
Pyr_p1_,L5PCtemplate[0].apic[38],"[[0, 85, 86, 87, 88, 89, 99, 105, 111, 119, 121, 122, 123], ['L5PCtemplate[0].soma[0]', 'L5PCtemplate[0].apic[0]', 'L5PCtemplate[0].apic[1]', 'L5PCtemplate[0].apic[2]', 'L5PCtemplate[0].apic[3]', 'L5PCtemplate[0].apic[4]', 'L5PCtemplate[0].apic[14]', 'L5PCtemplate[0].apic[20]', 'L5PCtemplate[0].apic[26]', 'L5PCtemplate[0].apic[34]', 'L5PCtemplate[0].apic[36]', 'L5PCtemplate[0].apic[37]', 'L5PCtemplate[0].apic[38]']]",1013.3045461324575,905.640925307632,1.0299999713897705,3.4399002279594067e-16,2,"[64.50553983506859, 17.33921162830976]",0
Pyr_p1_,L5PCtemplate[0].apic[39],"[[0, 85, 86, 87, 88, 89, 99, 105, 111, 119, 121, 122, 123, 124], ['L5PCtemplate[0].soma[0]', 'L5PCtemplate[0].apic[0]', 'L5PCtemplate[0].apic[1]', 'L5PCtemplate[0].apic[2]', 'L5PCtemplate[0].apic[3]', 'L5PCtemplate[0].apic[4]', 'L5PCtemplate[0].apic[14]', 'L5PCtemplate[0].apic[20]', 'L5PCtemplate[0].apic[26]', 'L5PCtemplate[0].apic[34]', 'L5PCtemplate[0].apic[36]', 'L5PCtemplate[0].apic[37]', 'L5PCtemplate[0].apic[38]', 'L5PCtemplate[0].apic[39]']]",1062.2437587905365,942.7519833893499,0.5099999904632568,0.0,0,,1
Pyr_p1_,L5PCtemplate[0].apic[40],"[[0, 85, 86, 87, 88, 89, 99, 105, 111, 119, 121, 122, 123, 125], ['L5PCtemplate[0].soma[0]', 'L5PCtemplate[0].apic[0]', 'L5PCtemplate[0].apic[1]', 'L5PCtemplate[0].apic[2]', 'L5PCtemplate[0].apic[3]', 'L5PCtemplate[0].apic[4]', 'L5PCtemplate[0].apic[14]', 'L5PCtemplate[0].apic[20]', 'L5PCtemplate[0].apic[26]', 'L5PCtemplate[0].apic[34]', 'L5PCtemplate[0].apic[36]', 'L5PCtemplate[0].apic[37]', 'L5PCtemplate[0].apic[38]', 'L5PCtemplate[0].apic[40]']]",1218.7266265872488,1082.7779837168448,0.7699999809265137,2.482534153247273e-16,2,"[60.7173170333662, 81.69494956104076]",0
Pyr_p1_,L5PCtemplate[0].apic[41],"[[0, 85, 86, 87, 88, 89, 99, 105, 111, 119, 121, 122, 123, 125, 126], ['L5PCtemplate[0].soma[0]', 'L5PCtemplate[0].apic[0]', 'L5PCtemplate[0].apic[1]', 'L5PCtemplate[0].apic[2]', 'L5PCtemplate[0].apic[3]', 'L5PCtemplate[0].apic[4]', 'L5PCtemplate[0].apic[14]', 'L5PCtemplate[0].apic[20]', 'L5PCtemplate[0].apic[26]', 'L5PCtemplate[0].apic[34]', 'L5PCtemplate[0].apic[36]', 'L5PCtemplate[0].apic[37]', 'L5PCtemplate[0].apic[38]', 'L5PCtemplate[0].apic[40]', 'L5PCtemplate[0].apic[41]']]",1225.459648216487,1086.274991373885,0.7699999809265137,0.0,2,"[45.80767838012375, 61.683507933748146]",0
Pyr_p1_,L5PCtemplate[0].apic[42],"[[0, 85, 86, 87, 88, 89, 99, 105, 111, 119, 121, 122, 123, 125, 126, 127], ['L5PCtemplate[0].soma[0]', 'L5PCtemplate[0].apic[0]', 'L5PCtemplate[0].apic[1]', 'L5PCtemplate[0].apic[2]', 'L5PCtemplate[0].apic[3]', 'L5PCtemplate[0].apic[4]', 'L5PCtemplate[0].apic[14]', 'L5PCtemplate[0].apic[20]', 'L5PCtemplate[0].apic[26]', 'L5PCtemplate[0].apic[34]', 'L5PCtemplate[0].apic[36]', 'L5PCtemplate[0].apic[37]', 'L5PCtemplate[0].apic[38]', 'L5PCtemplate[0].apic[40]', 'L5PCtemplate[0].apic[41]', 'L5PCtemplate[0].apic[42]']]",1270.2290928498273,1107.8853272185304,0.5099999904632568,0.0,0,,1
Pyr_p1_,L5PCtemplate[0].apic[43],"[[0, 85, 86, 87, 88, 89, 99, 105, 111, 119, 121, 122, 123, 125, 126, 128], ['L5PCtemplate[0].soma[0]', 'L5PCtemplate[0].apic[0]', 'L5PCtemplate[0].apic[1]', 'L5PCtemplate[0].apic[2]', 'L5PCtemplate[0].apic[3]', 'L5PCtemplate[0].apic[4]', 'L5PCtemplate[0].apic[14]', 'L5PCtemplate[0].apic[20]', 'L5PCtemplate[0].apic[26]', 'L5PCtemplate[0].apic[34]', 'L5PCtemplate[0].apic[36]', 'L5PCtemplate[0].apic[37]', 'L5PCtemplate[0].apic[38]', 'L5PCtemplate[0].apic[40]', 'L5PCtemplate[0].apic[41]', 'L5PCtemplate[0].apic[43]']]",1249.898338408119,1104.276430149875,0.4017291320219667,0.0,0,,1
Pyr_p1_,L5PCtemplate[0].apic[44],"[[0, 85, 86, 87, 88, 89, 99, 105, 111, 119, 121, 122, 123, 125, 129], ['L5PCtemplate[0].soma[0]', 'L5PCtemplate[0].apic[0]', 'L5PCtemplate[0].apic[1]', 'L5PCtemplate[0].apic[2]', 'L5PCtemplate[0].apic[3]', 'L5PCtemplate[0].apic[4]', 'L5PCtemplate[0].apic[14]', 'L5PCtemplate[0].apic[20]', 'L5PCtemplate[0].apic[26]', 'L5PCtemplate[0].apic[34]', 'L5PCtemplate[0].apic[36]', 'L5PCtemplate[0].apic[37]', 'L5PCtemplate[0].apic[38]', 'L5PCtemplate[0].apic[40]', 'L5PCtemplate[0].apic[44]']]",1302.9028189494443,1136.9790380380296,0.25999999046325684,7.447602459741819e-17,0,,1
Pyr_p1_,L5PCtemplate[0].apic[45],"[[0, 85, 86, 87, 88, 89, 99, 105, 111, 119, 121, 122, 130], ['L5PCtemplate[0].soma[0]', 'L5PCtemplate[0].apic[0]', 'L5PCtemplate[0].apic[1]', 'L5PCtemplate[0].apic[2]', 'L5PCtemplate[0].apic[3]', 'L5PCtemplate[0].apic[4]', 'L5PCtemplate[0].apic[14]', 'L5PCtemplate[0].apic[20]', 'L5PCtemplate[0].apic[26]', 'L5PCtemplate[0].apic[34]', 'L5PCtemplate[0].apic[36]', 'L5PCtemplate[0].apic[37]', 'L5PCtemplate[0].apic[45]']]",1002.5702440473817,898.8574196399476,0.8856227704886748,0.10807439070322475,2,"[79.03812406737082, 58.037067657446045]",0
Pyr_p1_,L5PCtemplate[0].apic[46],"[[0, 85, 86, 87, 88, 89, 99, 105, 111, 119, 121, 122, 130, 131], ['L5PCtemplate[0].soma[0]', 'L5PCtemplate[0].apic[0]', 'L5PCtemplate[0].apic[1]', 'L5PCtemplate[0].apic[2]', 'L5PCtemplate[0].apic[3]', 'L5PCtemplate[0].apic[4]', 'L5PCtemplate[0].apic[14]', 'L5PCtemplate[0].apic[20]', 'L5PCtemplate[0].apic[26]', 'L5PCtemplate[0].apic[34]', 'L5PCtemplate[0].apic[36]', 'L5PCtemplate[0].apic[37]', 'L5PCtemplate[0].apic[45]', 'L5PCtemplate[0].apic[46]']]",1022.9220852289266,912.134583664891,0.4226325934881682,0.0,2,"[57.90755495489845, 55.55472220091111]",0
Pyr_p1_,L5PCtemplate[0].apic[47],"[[0, 85, 86, 87, 88, 89, 99, 105, 111, 119, 121, 122, 130, 131, 132], ['L5PCtemplate[0].soma[0]', 'L5PCtemplate[0].apic[0]', 'L5PCtemplate[0].apic[1]', 'L5PCtemplate[0].apic[2]', 'L5PCtemplate[0].apic[3]', 'L5PCtemplate[0].apic[4]', 'L5PCtemplate[0].apic[14]', 'L5PCtemplate[0].apic[20]', 'L5PCtemplate[0].apic[26]', 'L5PCtemplate[0].apic[34]', 'L5PCtemplate[0].apic[36]', 'L5PCtemplate[0].apic[37]', 'L5PCtemplate[0].apic[45]', 'L5PCtemplate[0].apic[46]', 'L5PCtemplate[0].apic[47]']]",1029.1221720441943,915.3134711370918,0.2599999904632568,0.0,0,,1
Pyr_p1_,L5PCtemplate[0].apic[48],"[[0, 85, 86, 87, 88, 89, 99, 105, 111, 119, 121, 122, 130, 131, 133], ['L5PCtemplate[0].soma[0]', 'L5PCtemplate[0].apic[0]', 'L5PCtemplate[0].apic[1]', 'L5PCtemplate[0].apic[2]', 'L5PCtemplate[0].apic[3]', 'L5PCtemplate[0].apic[4]', 'L5PCtemplate[0].apic[14]', 'L5PCtemplate[0].apic[20]', 'L5PCtemplate[0].apic[26]', 'L5PCtemplate[0].apic[34]', 'L5PCtemplate[0].apic[36]', 'L5PCtemplate[0].apic[37]', 'L5PCtemplate[0].apic[45]', 'L5PCtemplate[0].apic[46]', 'L5PCtemplate[0].apic[48]']]",1034.5515580342085,918.9441691144597,0.25999999046325684,0.0,0,,1
Pyr_p1_,L5PCtemplate[0].apic[49],"[[0, 85, 86, 87, 88, 89, 99, 105, 111, 119, 121, 122, 130, 134], ['L5PCtemplate[0].soma[0]', 'L5PCtemplate[0].apic[0]', 'L5PCtemplate[0].apic[1]', 'L5PCtemplate[0].apic[2]', 'L5PCtemplate[0].apic[3]', 'L5PCtemplate[0].apic[4]', 'L5PCtemplate[0].apic[14]', 'L5PCtemplate[0].apic[20]', 'L5PCtemplate[0].apic[26]', 'L5PCtemplate[0].apic[34]', 'L5PCtemplate[0].apic[36]', 'L5PCtemplate[0].apic[37]', 'L5PCtemplate[0].apic[45]', 'L5PCtemplate[0].apic[49]']]",1125.5512556394274,979.3660890383666,0.6912503057245891,0.1290838388425515,0,,1
Pyr_p1_,L5PCtemplate[0].apic[50],"[[0, 85, 86, 87, 88, 89, 99, 105, 111, 119, 121, 135], ['L5PCtemplate[0].soma[0]', 'L5PCtemplate[0].apic[0]', 'L5PCtemplate[0].apic[1]', 'L5PCtemplate[0].apic[2]', 'L5PCtemplate[0].apic[3]', 'L5PCtemplate[0].apic[4]', 'L5PCtemplate[0].apic[14]', 'L5PCtemplate[0].apic[20]', 'L5PCtemplate[0].apic[26]', 'L5PCtemplate[0].apic[34]', 'L5PCtemplate[0].apic[36]', 'L5PCtemplate[0].apic[50]']]",711.8839610168269,637.9066802594178,1.7999999523162842,0.0,2,"[69.0532928186919, 27.185109828802176]",0
Pyr_p1_,L5PCtemplate[0].apic[51],"[[0, 85, 86, 87, 88, 89, 99, 105, 111, 119, 121, 135, 136], ['L5PCtemplate[0].soma[0]', 'L5PCtemplate[0].apic[0]', 'L5PCtemplate[0].apic[1]', 'L5PCtemplate[0].apic[2]', 'L5PCtemplate[0].apic[3]', 'L5PCtemplate[0].apic[4]', 'L5PCtemplate[0].apic[14]', 'L5PCtemplate[0].apic[20]', 'L5PCtemplate[0].apic[26]', 'L5PCtemplate[0].apic[34]', 'L5PCtemplate[0].apic[36]', 'L5PCtemplate[0].apic[50]', 'L5PCtemplate[0].apic[51]']]",927.3644428392008,841.886040470575,1.3357586732324926,0.09508303461326378,2,"[51.3822534876635, 24.1545384777263]",0
Pyr_p1_,L5PCtemplate[0].apic[52],"[[0, 85, 86, 87, 88, 89, 99, 105, 111, 119, 121, 135, 136, 137], ['L5PCtemplate[0].soma[0]', 'L5PCtemplate[0].apic[0]', 'L5PCtemplate[0].apic[1]', 'L5PCtemplate[0].apic[2]', 'L5PCtemplate[0].apic[3]', 'L5PCtemplate[0].apic[4]', 'L5PCtemplate[0].apic[14]', 'L5PCtemplate[0].apic[20]', 'L5PCtemplate[0].apic[26]', 'L5PCtemplate[0].apic[34]', 'L5PCtemplate[0].apic[36]', 'L5PCtemplate[0].apic[50]', 'L5PCtemplate[0].apic[51]', 'L5PCtemplate[0].apic[52]']]",1041.2806548974504,918.7453011472443,0.4044552759937794,0.11838087911608294,0,,1
Pyr_p1_,L5PCtemplate[0].apic[53],"[[0, 85, 86, 87, 88, 89, 99, 105, 111, 119, 121, 135, 136, 138], ['L5PCtemplate[0].soma[0]', 'L5PCtemplate[0].apic[0]', 'L5PCtemplate[0].apic[1]', 'L5PCtemplate[0].apic[2]', 'L5PCtemplate[0].apic[3]', 'L5PCtemplate[0].apic[4]', 'L5PCtemplate[0].apic[14]', 'L5PCtemplate[0].apic[20]', 'L5PCtemplate[0].apic[26]', 'L5PCtemplate[0].apic[34]', 'L5PCtemplate[0].apic[36]', 'L5PCtemplate[0].apic[50]', 'L5PCtemplate[0].apic[51]', 'L5PCtemplate[0].apic[53]']]",1117.6531111623535,1003.2678193698157,0.9291766577711201,0.1487269023973732,2,"[36.05542906849001, 75.4590795551668]",0
Pyr_p1_,L5PCtemplate[0].apic[54],"[[0, 85, 86, 87, 88, 89, 99, 105, 111, 119, 121, 135, 136, 138, 139], ['L5PCtemplate[0].soma[0]', 'L5PCtemplate[0].apic[0]', 'L5PCtemplate[0].apic[1]', 'L5PCtemplate[0].apic[2]', 'L5PCtemplate[0].apic[3]', 'L5PCtemplate[0].apic[4]', 'L5PCtemplate[0].apic[14]', 'L5PCtemplate[0].apic[20]', 'L5PCtemplate[0].apic[26]', 'L5PCtemplate[0].apic[34]', 'L5PCtemplate[0].apic[36]', 'L5PCtemplate[0].apic[50]', 'L5PCtemplate[0].apic[51]', 'L5PCtemplate[0].apic[53]', 'L5PCtemplate[0].apic[54]']]",1126.7285245111163,1009.2112913203184,0.54443184635882,0.0,2,"[9.00973328464549, 58.89482426684983]",0
Pyr_p1_,L5PCtemplate[0].apic[55],"[[0, 85, 86, 87, 88, 89, 99, 105, 111, 119, 121, 135, 136, 138, 139, 140], ['L5PCtemplate[0].soma[0]', 'L5PCtemplate[0].apic[0]', 'L5PCtemplate[0].apic[1]', 'L5PCtemplate[0].apic[2]', 'L5PCtemplate[0].apic[3]', 'L5PCtemplate[0].apic[4]', 'L5PCtemplate[0].apic[14]', 'L5PCtemplate[0].apic[20]', 'L5PCtemplate[0].apic[26]', 'L5PCtemplate[0].apic[34]', 'L5PCtemplate[0].apic[36]', 'L5PCtemplate[0].apic[50]', 'L5PCtemplate[0].apic[51]', 'L5PCtemplate[0].apic[53]', 'L5PCtemplate[0].apic[54]', 'L5PCtemplate[0].apic[55]']]",1133.9541085212127,1013.9579565680274,0.509999990463257,0.0,0,,1
Pyr_p1_,L5PCtemplate[0].apic[56],"[[0, 85, 86, 87, 88, 89, 99, 105, 111, 119, 121, 135, 136, 138, 139, 141], ['L5PCtemplate[0].soma[0]', 'L5PCtemplate[0].apic[0]', 'L5PCtemplate[0].apic[1]', 'L5PCtemplate[0].apic[2]', 'L5PCtemplate[0].apic[3]', 'L5PCtemplate[0].apic[4]', 'L5PCtemplate[0].apic[14]', 'L5PCtemplate[0].apic[20]', 'L5PCtemplate[0].apic[26]', 'L5PCtemplate[0].apic[34]', 'L5PCtemplate[0].apic[36]', 'L5PCtemplate[0].apic[50]', 'L5PCtemplate[0].apic[51]', 'L5PCtemplate[0].apic[53]', 'L5PCtemplate[0].apic[54]', 'L5PCtemplate[0].apic[56]']]",1140.2685662834774,1014.9534953384815,0.25999999046325684,0.0,0,,1
Pyr_p1_,L5PCtemplate[0].apic[57],"[[0, 85, 86, 87, 88, 89, 99, 105, 111, 119, 121, 135, 136, 138, 142], ['L5PCtemplate[0].soma[0]', 'L5PCtemplate[0].apic[0]', 'L5PCtemplate[0].apic[1]', 'L5PCtemplate[0].apic[2]', 'L5PCtemplate[0].apic[3]', 'L5PCtemplate[0].apic[4]', 'L5PCtemplate[0].apic[14]', 'L5PCtemplate[0].apic[20]', 'L5PCtemplate[0].apic[26]', 'L5PCtemplate[0].apic[34]', 'L5PCtemplate[0].apic[36]', 'L5PCtemplate[0].apic[50]', 'L5PCtemplate[0].apic[51]', 'L5PCtemplate[0].apic[53]', 'L5PCtemplate[0].apic[57]']]",1132.9986248385123,1014.5148652762547,0.5099999904632568,0.0,2,"[48.04621104732384, 60.48078561954559]",0
Pyr_p1_,L5PCtemplate[0].apic[58],"[[0, 85, 86, 87, 88, 89, 99, 105, 111, 119, 121, 135, 136, 138, 142, 143], ['L5PCtemplate[0].soma[0]', 'L5PCtemplate[0].apic[0]', 'L5PCtemplate[0].apic[1]', 'L5PCtemplate[0].apic[2]', 'L5PCtemplate[0].apic[3]', 'L5PCtemplate[0].apic[4]', 'L5PCtemplate[0].apic[14]', 'L5PCtemplate[0].apic[20]', 'L5PCtemplate[0].apic[26]', 'L5PCtemplate[0].apic[34]', 'L5PCtemplate[0].apic[36]', 'L5PCtemplate[0].apic[50]', 'L5PCtemplate[0].apic[51]', 'L5PCtemplate[0].apic[53]', 'L5PCtemplate[0].apic[57]', 'L5PCtemplate[0].apic[58]']]",1144.3312963625945,1022.2363435219808,0.25999999046325684,0.0,0,,1
Pyr_p1_,L5PCtemplate[0].apic[59],"[[0, 85, 86, 87, 88, 89, 99, 105, 111, 119, 121, 135, 136, 138, 142, 144], ['L5PCtemplate[0].soma[0]', 'L5PCtemplate[0].apic[0]', 'L5PCtemplate[0].apic[1]', 'L5PCtemplate[0].apic[2]', 'L5PCtemplate[0].apic[3]', 'L5PCtemplate[0].apic[4]', 'L5PCtemplate[0].apic[14]', 'L5PCtemplate[0].apic[20]', 'L5PCtemplate[0].apic[26]', 'L5PCtemplate[0].apic[34]', 'L5PCtemplate[0].apic[36]', 'L5PCtemplate[0].apic[50]', 'L5PCtemplate[0].apic[51]', 'L5PCtemplate[0].apic[53]', 'L5PCtemplate[0].apic[57]', 'L5PCtemplate[0].apic[59]']]",1141.3232785909854,1019.4898294875605,0.25999999046325684,0.0,0,,1
Pyr_p1_,L5PCtemplate[0].apic[60],"[[0, 85, 86, 87, 88, 89, 99, 105, 111, 119, 121, 135, 145], ['L5PCtemplate[0].soma[0]', 'L5PCtemplate[0].apic[0]', 'L5PCtemplate[0].apic[1]', 'L5PCtemplate[0].apic[2]', 'L5PCtemplate[0].apic[3]', 'L5PCtemplate[0].apic[4]', 'L5PCtemplate[0].apic[14]', 'L5PCtemplate[0].apic[20]', 'L5PCtemplate[0].apic[26]', 'L5PCtemplate[0].apic[34]', 'L5PCtemplate[0].apic[36]', 'L5PCtemplate[0].apic[50]', 'L5PCtemplate[0].apic[60]']]",945.0175328874254,862.1780042569129,1.0299999713897705,6.208591822161329e-16,2,"[110.09433209804898, 37.44763952515514]",0
Pyr_p1_,L5PCtemplate[0].apic[61],"[[0, 85, 86, 87, 88, 89, 99, 105, 111, 119, 121, 135, 145, 146], ['L5PCtemplate[0].soma[0]', 'L5PCtemplate[0].apic[0]', 'L5PCtemplate[0].apic[1]', 'L5PCtemplate[0].apic[2]', 'L5PCtemplate[0].apic[3]', 'L5PCtemplate[0].apic[4]', 'L5PCtemplate[0].apic[14]', 'L5PCtemplate[0].apic[20]', 'L5PCtemplate[0].apic[26]', 'L5PCtemplate[0].apic[34]', 'L5PCtemplate[0].apic[36]', 'L5PCtemplate[0].apic[50]', 'L5PCtemplate[0].apic[60]', 'L5PCtemplate[0].apic[61]']]",1118.5559100901778,1014.2545908329199,0.7699999809265136,4.517333031985021e-16,2,"[22.23862712685412, 38.97446770713459]",0
Pyr_p1_,L5PCtemplate[0].apic[62],"[[0, 85, 86, 87, 88, 89, 99, 105, 111, 119, 121, 135, 145, 146, 147], ['L5PCtemplate[0].soma[0]', 'L5PCtemplate[0].apic[0]', 'L5PCtemplate[0].apic[1]', 'L5PCtemplate[0].apic[2]', 'L5PCtemplate[0].apic[3]', 'L5PCtemplate[0].apic[4]', 'L5PCtemplate[0].apic[14]', 'L5PCtemplate[0].apic[20]', 'L5PCtemplate[0].apic[26]', 'L5PCtemplate[0].apic[34]', 'L5PCtemplate[0].apic[36]', 'L5PCtemplate[0].apic[50]', 'L5PCtemplate[0].apic[60]', 'L5PCtemplate[0].apic[61]', 'L5PCtemplate[0].apic[62]']]",1158.2339289408367,1051.1530596136386,0.662484813253733,0.0,2,"[13.709472116490975, 41.79296023833676]",0
Pyr_p1_,L5PCtemplate[0].apic[63],"[[0, 85, 86, 87, 88, 89, 99, 105, 111, 119, 121, 135, 145, 146, 147, 148], ['L5PCtemplate[0].soma[0]', 'L5PCtemplate[0].apic[0]', 'L5PCtemplate[0].apic[1]', 'L5PCtemplate[0].apic[2]', 'L5PCtemplate[0].apic[3]', 'L5PCtemplate[0].apic[4]', 'L5PCtemplate[0].apic[14]', 'L5PCtemplate[0].apic[20]', 'L5PCtemplate[0].apic[26]', 'L5PCtemplate[0].apic[34]', 'L5PCtemplate[0].apic[36]', 'L5PCtemplate[0].apic[50]', 'L5PCtemplate[0].apic[60]', 'L5PCtemplate[0].apic[61]', 'L5PCtemplate[0].apic[62]', 'L5PCtemplate[0].apic[63]']]",1323.7029096699705,1181.4456973867225,0.5099999904632568,4.978841060570638e-16,0,,1
Pyr_p1_,L5PCtemplate[0].apic[64],"[[0, 85, 86, 87, 88, 89, 99, 105, 111, 119, 121, 135, 145, 146, 147, 149], ['L5PCtemplate[0].soma[0]', 'L5PCtemplate[0].apic[0]', 'L5PCtemplate[0].apic[1]', 'L5PCtemplate[0].apic[2]', 'L5PCtemplate[0].apic[3]', 'L5PCtemplate[0].apic[4]', 'L5PCtemplate[0].apic[14]', 'L5PCtemplate[0].apic[20]', 'L5PCtemplate[0].apic[26]', 'L5PCtemplate[0].apic[34]', 'L5PCtemplate[0].apic[36]', 'L5PCtemplate[0].apic[50]', 'L5PCtemplate[0].apic[60]', 'L5PCtemplate[0].apic[61]', 'L5PCtemplate[0].apic[62]', 'L5PCtemplate[0].apic[64]']]",1259.5261284563876,1114.2063948179955,0.5099999904632568,1.4895204919483638e-16,2,"[63.15717464582575, 53.76297671368232]",0
Pyr_p1_,L5PCtemplate[0].apic[65],"[[0, 85, 86, 87, 88, 89, 99, 105, 111, 119, 121, 135, 145, 146, 147, 149, 150], ['L5PCtemplate[0].soma[0]', 'L5PCtemplate[0].apic[0]', 'L5PCtemplate[0].apic[1]', 'L5PCtemplate[0].apic[2]', 'L5PCtemplate[0].apic[3]', 'L5PCtemplate[0].apic[4]', 'L5PCtemplate[0].apic[14]', 'L5PCtemplate[0].apic[20]', 'L5PCtemplate[0].apic[26]', 'L5PCtemplate[0].apic[34]', 'L5PCtemplate[0].apic[36]', 'L5PCtemplate[0].apic[50]', 'L5PCtemplate[0].apic[60]', 'L5PCtemplate[0].apic[61]', 'L5PCtemplate[0].apic[62]', 'L5PCtemplate[0].apic[64]', 'L5PCtemplate[0].apic[65]']]",1275.8976062618774,1118.0141156694988,0.5099999904632567,0.0,0,,1
Pyr_p1_,L5PCtemplate[0].apic[66],"[[0, 85, 86, 87, 88, 89, 99, 105, 111, 119, 121, 135, 145, 146, 147, 149, 151], ['L5PCtemplate[0].soma[0]', 'L5PCtemplate[0].apic[0]', 'L5PCtemplate[0].apic[1]', 'L5PCtemplate[0].apic[2]', 'L5PCtemplate[0].apic[3]', 'L5PCtemplate[0].apic[4]', 'L5PCtemplate[0].apic[14]', 'L5PCtemplate[0].apic[20]', 'L5PCtemplate[0].apic[26]', 'L5PCtemplate[0].apic[34]', 'L5PCtemplate[0].apic[36]', 'L5PCtemplate[0].apic[50]', 'L5PCtemplate[0].apic[60]', 'L5PCtemplate[0].apic[61]', 'L5PCtemplate[0].apic[62]', 'L5PCtemplate[0].apic[64]', 'L5PCtemplate[0].apic[66]']]",1285.62498760296,1115.2274265462838,0.3558385082694576,0.0,0,,1
Pyr_p1_,L5PCtemplate[0].apic[67],"[[0, 85, 86, 87, 88, 89, 99, 105, 111, 119, 121, 135, 145, 146, 152], ['L5PCtemplate[0].soma[0]', 'L5PCtemplate[0].apic[0]', 'L5PCtemplate[0].apic[1]', 'L5PCtemplate[0].apic[2]', 'L5PCtemplate[0].apic[3]', 'L5PCtemplate[0].apic[4]', 'L5PCtemplate[0].apic[14]', 'L5PCtemplate[0].apic[20]', 'L5PCtemplate[0].apic[26]', 'L5PCtemplate[0].apic[34]', 'L5PCtemplate[0].apic[36]', 'L5PCtemplate[0].apic[50]', 'L5PCtemplate[0].apic[60]', 'L5PCtemplate[0].apic[61]', 'L5PCtemplate[0].apic[67]']]",1311.3235276405455,1167.378153471602,0.3658326750041079,0.11911659606890682,0,,1
Pyr_p1_,L5PCtemplate[0].apic[68],"[[0, 85, 86, 87, 88, 89, 99, 105, 111, 119, 121, 135, 145, 153], ['L5PCtemplate[0].soma[0]', 'L5PCtemplate[0].apic[0]', 'L5PCtemplate[0].apic[1]', 'L5PCtemplate[0].apic[2]', 'L5PCtemplate[0].apic[3]', 'L5PCtemplate[0].apic[4]', 'L5PCtemplate[0].apic[14]', 'L5PCtemplate[0].apic[20]', 'L5PCtemplate[0].apic[26]', 'L5PCtemplate[0].apic[34]', 'L5PCtemplate[0].apic[36]', 'L5PCtemplate[0].apic[50]', 'L5PCtemplate[0].apic[60]', 'L5PCtemplate[0].apic[68]']]",1043.0000325078313,954.5790749871181,0.7699999809265137,2.1065000811460205e-16,2,"[14.235734058175733, 66.88306791617073]",0
Pyr_p1_,L5PCtemplate[0].apic[69],"[[0, 85, 86, 87, 88, 89, 99, 105, 111, 119, 121, 135, 145, 153, 154], ['L5PCtemplate[0].soma[0]', 'L5PCtemplate[0].apic[0]', 'L5PCtemplate[0].apic[1]', 'L5PCtemplate[0].apic[2]', 'L5PCtemplate[0].apic[3]', 'L5PCtemplate[0].apic[4]', 'L5PCtemplate[0].apic[14]', 'L5PCtemplate[0].apic[20]', 'L5PCtemplate[0].apic[26]', 'L5PCtemplate[0].apic[34]', 'L5PCtemplate[0].apic[36]', 'L5PCtemplate[0].apic[50]', 'L5PCtemplate[0].apic[60]', 'L5PCtemplate[0].apic[68]', 'L5PCtemplate[0].apic[69]']]",1185.4374314054148,1055.5700873015398,0.6083497420694793,0.11447702636601627,2,"[53.95722602738863, 31.35690485470696]",0
Pyr_p1_,L5PCtemplate[0].apic[70],"[[0, 85, 86, 87, 88, 89, 99, 105, 111, 119, 121, 135, 145, 153, 154, 155], ['L5PCtemplate[0].soma[0]', 'L5PCtemplate[0].apic[0]', 'L5PCtemplate[0].apic[1]', 'L5PCtemplate[0].apic[2]', 'L5PCtemplate[0].apic[3]', 'L5PCtemplate[0].apic[4]', 'L5PCtemplate[0].apic[14]', 'L5PCtemplate[0].apic[20]', 'L5PCtemplate[0].apic[26]', 'L5PCtemplate[0].apic[34]', 'L5PCtemplate[0].apic[36]', 'L5PCtemplate[0].apic[50]', 'L5PCtemplate[0].apic[60]', 'L5PCtemplate[0].apic[68]', 'L5PCtemplate[0].apic[69]', 'L5PCtemplate[0].apic[70]']]",1233.1762627166677,1090.8424724537495,0.25999999046325684,4.5324665183683945e-17,0,,1
Pyr_p1_,L5PCtemplate[0].apic[71],"[[0, 85, 86, 87, 88, 89, 99, 105, 111, 119, 121, 135, 145, 153, 154, 156], ['L5PCtemplate[0].soma[0]', 'L5PCtemplate[0].apic[0]', 'L5PCtemplate[0].apic[1]', 'L5PCtemplate[0].apic[2]', 'L5PCtemplate[0].apic[3]', 'L5PCtemplate[0].apic[4]', 'L5PCtemplate[0].apic[14]', 'L5PCtemplate[0].apic[20]', 'L5PCtemplate[0].apic[26]', 'L5PCtemplate[0].apic[34]', 'L5PCtemplate[0].apic[36]', 'L5PCtemplate[0].apic[50]', 'L5PCtemplate[0].apic[60]', 'L5PCtemplate[0].apic[68]', 'L5PCtemplate[0].apic[69]', 'L5PCtemplate[0].apic[71]']]",1243.1796390777636,1105.9636720634317,0.6861145402078574,0.11748137033459073,2,"[48.02806015148312, 43.30243794293136]",0
Pyr_p1_,L5PCtemplate[0].apic[72],"[[0, 85, 86, 87, 88, 89, 99, 105, 111, 119, 121, 135, 145, 153, 154, 156, 157], ['L5PCtemplate[0].soma[0]', 'L5PCtemplate[0].apic[0]', 'L5PCtemplate[0].apic[1]', 'L5PCtemplate[0].apic[2]', 'L5PCtemplate[0].apic[3]', 'L5PCtemplate[0].apic[4]', 'L5PCtemplate[0].apic[14]', 'L5PCtemplate[0].apic[20]', 'L5PCtemplate[0].apic[26]', 'L5PCtemplate[0].apic[34]', 'L5PCtemplate[0].apic[36]', 'L5PCtemplate[0].apic[50]', 'L5PCtemplate[0].apic[60]', 'L5PCtemplate[0].apic[68]', 'L5PCtemplate[0].apic[69]', 'L5PCtemplate[0].apic[71]', 'L5PCtemplate[0].apic[72]']]",1278.566395337773,1130.4064940461956,0.2599999904632568,0.0,0,,1
Pyr_p1_,L5PCtemplate[0].apic[73],"[[0, 85, 86, 87, 88, 89, 99, 105, 111, 119, 121, 135, 145, 153, 154, 156, 158], ['L5PCtemplate[0].soma[0]', 'L5PCtemplate[0].apic[0]', 'L5PCtemplate[0].apic[1]', 'L5PCtemplate[0].apic[2]', 'L5PCtemplate[0].apic[3]', 'L5PCtemplate[0].apic[4]', 'L5PCtemplate[0].apic[14]', 'L5PCtemplate[0].apic[20]', 'L5PCtemplate[0].apic[26]', 'L5PCtemplate[0].apic[34]', 'L5PCtemplate[0].apic[36]', 'L5PCtemplate[0].apic[50]', 'L5PCtemplate[0].apic[60]', 'L5PCtemplate[0].apic[68]', 'L5PCtemplate[0].apic[69]', 'L5PCtemplate[0].apic[71]', 'L5PCtemplate[0].apic[73]']]",1312.3303566625084,1135.1223377175668,0.48122278295951726,0.04069711713901349,0,,1
Pyr_p1_,L5PCtemplate[0].apic[74],"[[0, 85, 86, 87, 88, 89, 99, 105, 111, 119, 121, 135, 145, 153, 159], ['L5PCtemplate[0].soma[0]', 'L5PCtemplate[0].apic[0]', 'L5PCtemplate[0].apic[1]', 'L5PCtemplate[0].apic[2]', 'L5PCtemplate[0].apic[3]', 'L5PCtemplate[0].apic[4]', 'L5PCtemplate[0].apic[14]', 'L5PCtemplate[0].apic[20]', 'L5PCtemplate[0].apic[26]', 'L5PCtemplate[0].apic[34]', 'L5PCtemplate[0].apic[36]', 'L5PCtemplate[0].apic[50]', 'L5PCtemplate[0].apic[60]', 'L5PCtemplate[0].apic[68]', 'L5PCtemplate[0].apic[74]']]",1081.7745725053119,978.9839948416243,0.5344215352202438,0.0,2,"[33.07933143270111, 11.222986256346777]",0
Pyr_p1_,L5PCtemplate[0].apic[75],"[[0, 85, 86, 87, 88, 89, 99, 105, 111, 119, 121, 135, 145, 153, 159, 160], ['L5PCtemplate[0].soma[0]', 'L5PCtemplate[0].apic[0]', 'L5PCtemplate[0].apic[1]', 'L5PCtemplate[0].apic[2]', 'L5PCtemplate[0].apic[3]', 'L5PCtemplate[0].apic[4]', 'L5PCtemplate[0].apic[14]', 'L5PCtemplate[0].apic[20]', 'L5PCtemplate[0].apic[26]', 'L5PCtemplate[0].apic[34]', 'L5PCtemplate[0].apic[36]', 'L5PCtemplate[0].apic[50]', 'L5PCtemplate[0].apic[60]', 'L5PCtemplate[0].apic[68]', 'L5PCtemplate[0].apic[74]', 'L5PCtemplate[0].apic[75]']]",1153.2702189074362,1043.7347947749236,0.5099999904632568,9.064933036736789e-17,2,"[28.641962096609856, 69.61847006195941]",0
Pyr_p1_,L5PCtemplate[0].apic[76],"[[0, 85, 86, 87, 88, 89, 99, 105, 111, 119, 121, 135, 145, 153, 159, 160, 161], ['L5PCtemplate[0].soma[0]', 'L5PCtemplate[0].apic[0]', 'L5PCtemplate[0].apic[1]', 'L5PCtemplate[0].apic[2]', 'L5PCtemplate[0].apic[3]', 'L5PCtemplate[0].apic[4]', 'L5PCtemplate[0].apic[14]', 'L5PCtemplate[0].apic[20]', 'L5PCtemplate[0].apic[26]', 'L5PCtemplate[0].apic[34]', 'L5PCtemplate[0].apic[36]', 'L5PCtemplate[0].apic[50]', 'L5PCtemplate[0].apic[60]', 'L5PCtemplate[0].apic[68]', 'L5PCtemplate[0].apic[74]', 'L5PCtemplate[0].apic[75]', 'L5PCtemplate[0].apic[76]']]",1290.2201980557606,1151.174936560335,0.3590192044218353,0.09659563818392289,0,,1
Pyr_p1_,L5PCtemplate[0].apic[77],"[[0, 85, 86, 87, 88, 89, 99, 105, 111, 119, 121, 135, 145, 153, 159, 160, 162], ['L5PCtemplate[0].soma[0]', 'L5PCtemplate[0].apic[0]', 'L5PCtemplate[0].apic[1]', 'L5PCtemplate[0].apic[2]', 'L5PCtemplate[0].apic[3]', 'L5PCtemplate[0].apic[4]', 'L5PCtemplate[0].apic[14]', 'L5PCtemplate[0].apic[20]', 'L5PCtemplate[0].apic[26]', 'L5PCtemplate[0].apic[34]', 'L5PCtemplate[0].apic[36]', 'L5PCtemplate[0].apic[50]', 'L5PCtemplate[0].apic[60]', 'L5PCtemplate[0].apic[68]', 'L5PCtemplate[0].apic[74]', 'L5PCtemplate[0].apic[75]', 'L5PCtemplate[0].apic[77]']]",1293.685691346644,1142.0396637169526,0.2899999916553497,2.0449986082665885e-16,0,,1
Pyr_p1_,L5PCtemplate[0].apic[78],"[[0, 85, 86, 87, 88, 89, 99, 105, 111, 119, 121, 135, 145, 153, 159, 163], ['L5PCtemplate[0].soma[0]', 'L5PCtemplate[0].apic[0]', 'L5PCtemplate[0].apic[1]', 'L5PCtemplate[0].apic[2]', 'L5PCtemplate[0].apic[3]', 'L5PCtemplate[0].apic[4]', 'L5PCtemplate[0].apic[14]', 'L5PCtemplate[0].apic[20]', 'L5PCtemplate[0].apic[26]', 'L5PCtemplate[0].apic[34]', 'L5PCtemplate[0].apic[36]', 'L5PCtemplate[0].apic[50]', 'L5PCtemplate[0].apic[60]', 'L5PCtemplate[0].apic[68]', 'L5PCtemplate[0].apic[74]', 'L5PCtemplate[0].apic[78]']]",1201.352131894898,1036.0967242414656,0.28999999165534973,6.568167990716596e-17,0,,1
Pyr_p1_,L5PCtemplate[0].apic[79],"[[0, 85, 86, 87, 88, 164], ['L5PCtemplate[0].soma[0]', 'L5PCtemplate[0].apic[0]', 'L5PCtemplate[0].apic[1]', 'L5PCtemplate[0].apic[2]', 'L5PCtemplate[0].apic[3]', 'L5PCtemplate[0].apic[79]']]",282.4387993082274,228.71573873453437,0.8799999952316284,2.7194799110210365e-16,0,,1
Pyr_p1_,L5PCtemplate[0].apic[80],"[[0, 85, 86, 87, 165], ['L5PCtemplate[0].soma[0]', 'L5PCtemplate[0].apic[0]', 'L5PCtemplate[0].apic[1]', 'L5PCtemplate[0].apic[2]', 'L5PCtemplate[0].apic[80]']]",184.7413471478056,139.7606322983653,1.1699999570846558,0.0,2,"[3.4486899005224463, 64.60753038202888]",0
Pyr_p1_,L5PCtemplate[0].apic[81],"[[0, 85, 86, 87, 165, 166], ['L5PCtemplate[0].soma[0]', 'L5PCtemplate[0].apic[0]', 'L5PCtemplate[0].apic[1]', 'L5PCtemplate[0].apic[2]', 'L5PCtemplate[0].apic[80]', 'L5PCtemplate[0].apic[81]']]",197.65109837193822,141.344838653237,1.1699999570846558,0.0,2,"[81.18964212445141, 40.605442902831946]",0
Pyr_p1_,L5PCtemplate[0].apic[82],"[[0, 85, 86, 87, 165, 166, 167], ['L5PCtemplate[0].soma[0]', 'L5PCtemplate[0].apic[0]', 'L5PCtemplate[0].apic[1]', 'L5PCtemplate[0].apic[2]', 'L5PCtemplate[0].apic[80]', 'L5PCtemplate[0].apic[81]', 'L5PCtemplate[0].apic[82]']]",231.76908115545297,159.28529160026335,0.9581931005605726,0.0,2,"[17.02346250000626, 59.9507046502241]",0
Pyr_p1_,L5PCtemplate[0].apic[83],"[[0, 85, 86, 87, 165, 166, 167, 168], ['L5PCtemplate[0].soma[0]', 'L5PCtemplate[0].apic[0]', 'L5PCtemplate[0].apic[1]', 'L5PCtemplate[0].apic[2]', 'L5PCtemplate[0].apic[80]', 'L5PCtemplate[0].apic[81]', 'L5PCtemplate[0].apic[82]', 'L5PCtemplate[0].apic[83]']]",307.3236463044383,212.16979380496934,0.8799999952316284,6.409875621278546e-17,2,"[40.908383685676235, 21.212176788327973]",0
Pyr_p1_,L5PCtemplate[0].apic[84],"[[0, 85, 86, 87, 165, 166, 167, 168, 169], ['L5PCtemplate[0].soma[0]', 'L5PCtemplate[0].apic[0]', 'L5PCtemplate[0].apic[1]', 'L5PCtemplate[0].apic[2]', 'L5PCtemplate[0].apic[80]', 'L5PCtemplate[0].apic[81]', 'L5PCtemplate[0].apic[82]', 'L5PCtemplate[0].apic[83]', 'L5PCtemplate[0].apic[84]']]",355.9698542696664,224.27900833435865,0.28999999165534973,3.204937810639273e-17,0,,1
Pyr_p1_,L5PCtemplate[0].apic[85],"[[0, 85, 86, 87, 165, 166, 167, 168, 170], ['L5PCtemplate[0].soma[0]', 'L5PCtemplate[0].apic[0]', 'L5PCtemplate[0].apic[1]', 'L5PCtemplate[0].apic[2]', 'L5PCtemplate[0].apic[80]', 'L5PCtemplate[0].apic[81]', 'L5PCtemplate[0].apic[82]', 'L5PCtemplate[0].apic[83]', 'L5PCtemplate[0].apic[85]']]",388.47759882954267,274.68149477300653,0.28999999165534973,7.021666937153402e-17,0,,1
Pyr_p1_,L5PCtemplate[0].apic[86],"[[0, 85, 86, 87, 165, 166, 167, 171], ['L5PCtemplate[0].soma[0]', 'L5PCtemplate[0].apic[0]', 'L5PCtemplate[0].apic[1]', 'L5PCtemplate[0].apic[2]', 'L5PCtemplate[0].apic[80]', 'L5PCtemplate[0].apic[81]', 'L5PCtemplate[0].apic[82]', 'L5PCtemplate[0].apic[86]']]",317.16328831113935,217.89925920392707,0.2899999916553498,9.930136612989092e-17,0,,1
Pyr_p1_,L5PCtemplate[0].apic[87],"[[0, 85, 86, 87, 165, 166, 172], ['L5PCtemplate[0].soma[0]', 'L5PCtemplate[0].apic[0]', 'L5PCtemplate[0].apic[1]', 'L5PCtemplate[0].apic[2]', 'L5PCtemplate[0].apic[80]', 'L5PCtemplate[0].apic[81]', 'L5PCtemplate[0].apic[87]']]",349.4154512991348,201.96728586473105,0.8028269418810277,0.2526615352273593,0,,1
Pyr_p1_,L5PCtemplate[0].apic[88],"[[0, 85, 86, 87, 165, 173], ['L5PCtemplate[0].soma[0]', 'L5PCtemplate[0].apic[0]', 'L5PCtemplate[0].apic[1]', 'L5PCtemplate[0].apic[2]', 'L5PCtemplate[0].apic[80]', 'L5PCtemplate[0].apic[88]']]",190.81193301379525,142.04320962778118,1.1699999570846558,0.0,2,"[33.94651662504059, 25.650939281109334]",0
Pyr_p1_,L5PCtemplate[0].apic[89],"[[0, 85, 86, 87, 165, 173, 174], ['L5PCtemplate[0].soma[0]', 'L5PCtemplate[0].apic[0]', 'L5PCtemplate[0].apic[1]', 'L5PCtemplate[0].apic[2]', 'L5PCtemplate[0].apic[80]', 'L5PCtemplate[0].apic[88]', 'L5PCtemplate[0].apic[89]']]",240.4429740738095,164.10289444259047,0.6996791953319366,0.12976402537800344,2,"[80.02644726094873, 97.58632068378652]",0
Pyr_p1_,L5PCtemplate[0].apic[90],"[[0, 85, 86, 87, 165, 173, 174, 175], ['L5PCtemplate[0].soma[0]', 'L5PCtemplate[0].apic[0]', 'L5PCtemplate[0].apic[1]', 'L5PCtemplate[0].apic[2]', 'L5PCtemplate[0].apic[80]', 'L5PCtemplate[0].apic[88]', 'L5PCtemplate[0].apic[89]', 'L5PCtemplate[0].apic[90]']]",247.91924048253912,159.98818548759587,0.28999999165534973,0.0,0,,1
Pyr_p1_,L5PCtemplate[0].apic[91],"[[0, 85, 86, 87, 165, 173, 174, 176], ['L5PCtemplate[0].soma[0]', 'L5PCtemplate[0].apic[0]', 'L5PCtemplate[0].apic[1]', 'L5PCtemplate[0].apic[2]', 'L5PCtemplate[0].apic[80]', 'L5PCtemplate[0].apic[88]', 'L5PCtemplate[0].apic[89]', 'L5PCtemplate[0].apic[91]']]",251.50139197101686,169.2723229615478,0.28999999165534973,0.0,0,,1
Pyr_p1_,L5PCtemplate[0].apic[92],"[[0, 85, 86, 87, 165, 173, 177], ['L5PCtemplate[0].soma[0]', 'L5PCtemplate[0].apic[0]', 'L5PCtemplate[0].apic[1]', 'L5PCtemplate[0].apic[2]', 'L5PCtemplate[0].apic[80]', 'L5PCtemplate[0].apic[88]', 'L5PCtemplate[0].apic[92]']]",211.54227025924203,156.41344239723017,0.8799999952316283,0.0,2,"[29.955961642951664, 62.64771660761224]",0
Pyr_p1_,L5PCtemplate[0].apic[93],"[[0, 85, 86, 87, 165, 173, 177, 178], ['L5PCtemplate[0].soma[0]', 'L5PCtemplate[0].apic[0]', 'L5PCtemplate[0].apic[1]', 'L5PCtemplate[0].apic[2]', 'L5PCtemplate[0].apic[80]', 'L5PCtemplate[0].apic[88]', 'L5PCtemplate[0].apic[92]', 'L5PCtemplate[0].apic[93]']]",316.5843086032271,240.00837527802582,0.8136061551236466,0.11745750393405446,0,,1
Pyr_p1_,L5PCtemplate[0].apic[94],"[[0, 85, 86, 87, 165, 173, 177, 179], ['L5PCtemplate[0].soma[0]', 'L5PCtemplate[0].apic[0]', 'L5PCtemplate[0].apic[1]', 'L5PCtemplate[0].apic[2]', 'L5PCtemplate[0].apic[80]', 'L5PCtemplate[0].apic[88]', 'L5PCtemplate[0].apic[92]', 'L5PCtemplate[0].apic[94]']]",231.866619764941,158.6309491529261,0.8799999952316284,0.0,2,"[41.678281238628756, 50.20156607768027]",0
Pyr_p1_,L5PCtemplate[0].apic[95],"[[0, 85, 86, 87, 165, 173, 177, 179, 180], ['L5PCtemplate[0].soma[0]', 'L5PCtemplate[0].apic[0]', 'L5PCtemplate[0].apic[1]', 'L5PCtemplate[0].apic[2]', 'L5PCtemplate[0].apic[80]', 'L5PCtemplate[0].apic[88]', 'L5PCtemplate[0].apic[92]', 'L5PCtemplate[0].apic[94]', 'L5PCtemplate[0].apic[95]']]",284.3554801998914,182.4453277645146,0.5799999833106995,6.409875621278546e-17,0,,1
Pyr_p1_,L5PCtemplate[0].apic[96],"[[0, 85, 86, 87, 165, 173, 177, 179, 181], ['L5PCtemplate[0].soma[0]', 'L5PCtemplate[0].apic[0]', 'L5PCtemplate[0].apic[1]', 'L5PCtemplate[0].apic[2]', 'L5PCtemplate[0].apic[80]', 'L5PCtemplate[0].apic[88]', 'L5PCtemplate[0].apic[92]', 'L5PCtemplate[0].apic[94]', 'L5PCtemplate[0].apic[96]']]",265.12177644331416,177.36226328699962,0.5799999833106995,0.0,2,"[123.28543551551164, 90.0]",0
Pyr_p1_,L5PCtemplate[0].apic[97],"[[0, 85, 86, 87, 165, 173, 177, 179, 181, 182], ['L5PCtemplate[0].soma[0]', 'L5PCtemplate[0].apic[0]', 'L5PCtemplate[0].apic[1]', 'L5PCtemplate[0].apic[2]', 'L5PCtemplate[0].apic[80]', 'L5PCtemplate[0].apic[88]', 'L5PCtemplate[0].apic[92]', 'L5PCtemplate[0].apic[94]', 'L5PCtemplate[0].apic[96]', 'L5PCtemplate[0].apic[97]']]",275.66722026896997,176.66090687327903,0.5799999833106995,0.0,0,,1
Pyr_p1_,L5PCtemplate[0].apic[98],"[[0, 85, 86, 87, 165, 173, 177, 179, 181, 183], ['L5PCtemplate[0].soma[0]', 'L5PCtemplate[0].apic[0]', 'L5PCtemplate[0].apic[1]', 'L5PCtemplate[0].apic[2]', 'L5PCtemplate[0].apic[80]', 'L5PCtemplate[0].apic[88]', 'L5PCtemplate[0].apic[92]', 'L5PCtemplate[0].apic[94]', 'L5PCtemplate[0].apic[96]', 'L5PCtemplate[0].apic[98]']]",270.9397688154548,180.79263578990688,0.5799999833106996,0.0,0,,1
Pyr_p1_,L5PCtemplate[0].apic[99],"[[0, 85, 86, 184], ['L5PCtemplate[0].soma[0]', 'L5PCtemplate[0].apic[0]', 'L5PCtemplate[0].apic[1]', 'L5PCtemplate[0].apic[99]']]",167.00358821056471,97.53266558056632,1.1699999570846558,0.0,2,"[45.430411616790835, 41.70387538662555]",0
Pyr_p1_,L5PCtemplate[0].apic[100],"[[0, 85, 86, 184, 185], ['L5PCtemplate[0].soma[0]', 'L5PCtemplate[0].apic[0]', 'L5PCtemplate[0].apic[1]', 'L5PCtemplate[0].apic[99]', 'L5PCtemplate[0].apic[100]']]",172.58604795056337,97.20199412289165,1.1699999570846558,0.0,2,"[31.755422681264825, 41.066868100342205]",0
Pyr_p1_,L5PCtemplate[0].apic[101],"[[0, 85, 86, 184, 185, 186], ['L5PCtemplate[0].soma[0]', 'L5PCtemplate[0].apic[0]', 'L5PCtemplate[0].apic[1]', 'L5PCtemplate[0].apic[99]', 'L5PCtemplate[0].apic[100]', 'L5PCtemplate[0].apic[101]']]",331.97845360702183,186.72850732218697,0.6968256878688107,0.17499394915142893,0,,1
Pyr_p1_,L5PCtemplate[0].apic[102],"[[0, 85, 86, 184, 185, 187], ['L5PCtemplate[0].soma[0]', 'L5PCtemplate[0].apic[0]', 'L5PCtemplate[0].apic[1]', 'L5PCtemplate[0].apic[99]', 'L5PCtemplate[0].apic[100]', 'L5PCtemplate[0].apic[102]']]",352.0818236260476,152.73933138834892,0.7266073189008497,0.1417465459451838,0,,1
Pyr_p1_,L5PCtemplate[0].apic[103],"[[0, 85, 86, 184, 188], ['L5PCtemplate[0].soma[0]', 'L5PCtemplate[0].apic[0]', 'L5PCtemplate[0].apic[1]', 'L5PCtemplate[0].apic[99]', 'L5PCtemplate[0].apic[103]']]",250.4159078615491,75.72673205058305,0.8217352617606556,0.11471477171520221,0,,1
Pyr_p1_,L5PCtemplate[0].apic[104],"[[0, 85, 189], ['L5PCtemplate[0].soma[0]', 'L5PCtemplate[0].apic[0]', 'L5PCtemplate[0].apic[104]']]",92.64928923053608,69.70216736506983,1.156263828069832,0.0,2,"[50.602173020217634, 58.840218526424295]",0
Pyr_p1_,L5PCtemplate[0].apic[105],"[[0, 85, 189, 190], ['L5PCtemplate[0].soma[0]', 'L5PCtemplate[0].apic[0]', 'L5PCtemplate[0].apic[104]', 'L5PCtemplate[0].apic[105]']]",186.32807988935784,150.61716857412443,0.6065147909879329,0.05302961535446705,0,,1
Pyr_p1_,L5PCtemplate[0].apic[106],"[[0, 85, 189, 191], ['L5PCtemplate[0].soma[0]', 'L5PCtemplate[0].apic[0]', 'L5PCtemplate[0].apic[104]', 'L5PCtemplate[0].apic[106]']]",114.73445475674293,86.89762799544009,0.5799999833106995,0.0,2,"[49.15590405509171, 56.12812566688847]",0
Pyr_p1_,L5PCtemplate[0].apic[107],"[[0, 85, 189, 191, 192], ['L5PCtemplate[0].soma[0]', 'L5PCtemplate[0].apic[0]', 'L5PCtemplate[0].apic[104]', 'L5PCtemplate[0].apic[106]', 'L5PCtemplate[0].apic[107]']]",150.83228037792253,116.54575663881593,0.5799999833106995,0.0,0,,1
Pyr_p1_,L5PCtemplate[0].apic[108],"[[0, 85, 189, 191, 193], ['L5PCtemplate[0].soma[0]', 'L5PCtemplate[0].apic[0]', 'L5PCtemplate[0].apic[104]', 'L5PCtemplate[0].apic[106]', 'L5PCtemplate[0].apic[108]']]",144.80914790247084,100.44662319633125,0.5799999833106994,0.0,0,,1
